,noise_std,num_hf,num_lf,problem,seed
0,0.1,5,200,mf_Bohachevsky,10
1,0.3,5,200,mf_Bohachevsky,10
2,0.5,5,200,mf_Bohachevsky,10
3,0.1,10,200,mf_Bohachevsky,10
4,0.3,10,200,mf_Bohachevsky,10
5,0.5,10,200,mf_Bohachevsky,10
6,0.1,15,200,mf_Bohachevsky,10
7,0.3,15,200,mf_Bohachevsky,10
8,0.5,15,200,mf_Bohachevsky,10
9,0.1,20,200,mf_Bohachevsky,10
10,0.3,20,200,mf_Bohachevsky,10
11,0.5,20,200,mf_Bohachevsky,10
12,0.1,25,200,mf_Bohachevsky,10
13,0.3,25,200,mf_Bohachevsky,10
14,0.5,25,200,mf_Bohachevsky,10
15,0.1,30,200,mf_Bohachevsky,10
16,0.3,30,200,mf_Bohachevsky,10
17,0.5,30,200,mf_Bohachevsky,10
18,0.1,35,200,mf_Bohachevsky,10
19,0.3,35,200,mf_Bohachevsky,10
20,0.5,35,200,mf_Bohachevsky,10
21,0.1,40,200,mf_Bohachevsky,10
22,0.3,40,200,mf_Bohachevsky,10
23,0.5,40,200,mf_Bohachevsky,10
24,0.1,45,200,mf_Bohachevsky,10
25,0.3,45,200,mf_Bohachevsky,10
26,0.5,45,200,mf_Bohachevsky,10
27,0.1,50,200,mf_Bohachevsky,10
28,0.3,50,200,mf_Bohachevsky,10
29,0.5,50,200,mf_Bohachevsky,10
30,0.1,5,200,mf_Bohachevsky,20
31,0.3,5,200,mf_Bohachevsky,20
32,0.5,5,200,mf_Bohachevsky,20
33,0.1,10,200,mf_Bohachevsky,20
34,0.3,10,200,mf_Bohachevsky,20
35,0.5,10,200,mf_Bohachevsky,20
36,0.1,15,200,mf_Bohachevsky,20
37,0.3,15,200,mf_Bohachevsky,20
38,0.5,15,200,mf_Bohachevsky,20
39,0.1,20,200,mf_Bohachevsky,20
40,0.3,20,200,mf_Bohachevsky,20
41,0.5,20,200,mf_Bohachevsky,20
42,0.1,25,200,mf_Bohachevsky,20
43,0.3,25,200,mf_Bohachevsky,20
44,0.5,25,200,mf_Bohachevsky,20
45,0.1,30,200,mf_Bohachevsky,20
46,0.3,30,200,mf_Bohachevsky,20
47,0.5,30,200,mf_Bohachevsky,20
48,0.1,35,200,mf_Bohachevsky,20
49,0.3,35,200,mf_Bohachevsky,20
50,0.5,35,200,mf_Bohachevsky,20
51,0.1,40,200,mf_Bohachevsky,20
52,0.3,40,200,mf_Bohachevsky,20
53,0.5,40,200,mf_Bohachevsky,20
54,0.1,45,200,mf_Bohachevsky,20
55,0.3,45,200,mf_Bohachevsky,20
56,0.5,45,200,mf_Bohachevsky,20
57,0.1,50,200,mf_Bohachevsky,20
58,0.3,50,200,mf_Bohachevsky,20
59,0.5,50,200,mf_Bohachevsky,20
60,0.1,5,200,mf_Bohachevsky,30
61,0.3,5,200,mf_Bohachevsky,30
62,0.5,5,200,mf_Bohachevsky,30
63,0.1,10,200,mf_Bohachevsky,30
64,0.3,10,200,mf_Bohachevsky,30
65,0.5,10,200,mf_Bohachevsky,30
66,0.1,15,200,mf_Bohachevsky,30
67,0.3,15,200,mf_Bohachevsky,30
68,0.5,15,200,mf_Bohachevsky,30
69,0.1,20,200,mf_Bohachevsky,30
70,0.3,20,200,mf_Bohachevsky,30
71,0.5,20,200,mf_Bohachevsky,30
72,0.1,25,200,mf_Bohachevsky,30
73,0.3,25,200,mf_Bohachevsky,30
74,0.5,25,200,mf_Bohachevsky,30
75,0.1,30,200,mf_Bohachevsky,30
76,0.3,30,200,mf_Bohachevsky,30
77,0.5,30,200,mf_Bohachevsky,30
78,0.1,35,200,mf_Bohachevsky,30
79,0.3,35,200,mf_Bohachevsky,30
80,0.5,35,200,mf_Bohachevsky,30
81,0.1,40,200,mf_Bohachevsky,30
82,0.3,40,200,mf_Bohachevsky,30
83,0.5,40,200,mf_Bohachevsky,30
84,0.1,45,200,mf_Bohachevsky,30
85,0.3,45,200,mf_Bohachevsky,30
86,0.5,45,200,mf_Bohachevsky,30
87,0.1,50,200,mf_Bohachevsky,30
88,0.3,50,200,mf_Bohachevsky,30
89,0.5,50,200,mf_Bohachevsky,30
90,0.1,5,200,mf_Bohachevsky,40
91,0.3,5,200,mf_Bohachevsky,40
92,0.5,5,200,mf_Bohachevsky,40
93,0.1,10,200,mf_Bohachevsky,40
94,0.3,10,200,mf_Bohachevsky,40
95,0.5,10,200,mf_Bohachevsky,40
96,0.1,15,200,mf_Bohachevsky,40
97,0.3,15,200,mf_Bohachevsky,40
98,0.5,15,200,mf_Bohachevsky,40
99,0.1,20,200,mf_Bohachevsky,40
100,0.3,20,200,mf_Bohachevsky,40
101,0.5,20,200,mf_Bohachevsky,40
102,0.1,25,200,mf_Bohachevsky,40
103,0.3,25,200,mf_Bohachevsky,40
104,0.5,25,200,mf_Bohachevsky,40
105,0.1,30,200,mf_Bohachevsky,40
106,0.3,30,200,mf_Bohachevsky,40
107,0.5,30,200,mf_Bohachevsky,40
108,0.1,35,200,mf_Bohachevsky,40
109,0.3,35,200,mf_Bohachevsky,40
110,0.5,35,200,mf_Bohachevsky,40
111,0.1,40,200,mf_Bohachevsky,40
112,0.3,40,200,mf_Bohachevsky,40
113,0.5,40,200,mf_Bohachevsky,40
114,0.1,45,200,mf_Bohachevsky,40
115,0.3,45,200,mf_Bohachevsky,40
116,0.5,45,200,mf_Bohachevsky,40
117,0.1,50,200,mf_Bohachevsky,40
118,0.3,50,200,mf_Bohachevsky,40
119,0.5,50,200,mf_Bohachevsky,40
120,0.1,5,200,mf_Bohachevsky,50
121,0.3,5,200,mf_Bohachevsky,50
122,0.5,5,200,mf_Bohachevsky,50
123,0.1,10,200,mf_Bohachevsky,50
124,0.3,10,200,mf_Bohachevsky,50
125,0.5,10,200,mf_Bohachevsky,50
126,0.1,15,200,mf_Bohachevsky,50
127,0.3,15,200,mf_Bohachevsky,50
128,0.5,15,200,mf_Bohachevsky,50
129,0.1,20,200,mf_Bohachevsky,50
130,0.3,20,200,mf_Bohachevsky,50
131,0.5,20,200,mf_Bohachevsky,50
132,0.1,25,200,mf_Bohachevsky,50
133,0.3,25,200,mf_Bohachevsky,50
134,0.5,25,200,mf_Bohachevsky,50
135,0.1,30,200,mf_Bohachevsky,50
136,0.3,30,200,mf_Bohachevsky,50
137,0.5,30,200,mf_Bohachevsky,50
138,0.1,35,200,mf_Bohachevsky,50
139,0.3,35,200,mf_Bohachevsky,50
140,0.5,35,200,mf_Bohachevsky,50
141,0.1,40,200,mf_Bohachevsky,50
142,0.3,40,200,mf_Bohachevsky,50
143,0.5,40,200,mf_Bohachevsky,50
144,0.1,45,200,mf_Bohachevsky,50
145,0.3,45,200,mf_Bohachevsky,50
146,0.5,45,200,mf_Bohachevsky,50
147,0.1,50,200,mf_Bohachevsky,50
148,0.3,50,200,mf_Bohachevsky,50
149,0.5,50,200,mf_Bohachevsky,50
150,0.1,5,200,mf_Bohachevsky,60
151,0.3,5,200,mf_Bohachevsky,60
152,0.5,5,200,mf_Bohachevsky,60
153,0.1,10,200,mf_Bohachevsky,60
154,0.3,10,200,mf_Bohachevsky,60
155,0.5,10,200,mf_Bohachevsky,60
156,0.1,15,200,mf_Bohachevsky,60
157,0.3,15,200,mf_Bohachevsky,60
158,0.5,15,200,mf_Bohachevsky,60
159,0.1,20,200,mf_Bohachevsky,60
160,0.3,20,200,mf_Bohachevsky,60
161,0.5,20,200,mf_Bohachevsky,60
162,0.1,25,200,mf_Bohachevsky,60
163,0.3,25,200,mf_Bohachevsky,60
164,0.5,25,200,mf_Bohachevsky,60
165,0.1,30,200,mf_Bohachevsky,60
166,0.3,30,200,mf_Bohachevsky,60
167,0.5,30,200,mf_Bohachevsky,60
168,0.1,35,200,mf_Bohachevsky,60
169,0.3,35,200,mf_Bohachevsky,60
170,0.5,35,200,mf_Bohachevsky,60
171,0.1,40,200,mf_Bohachevsky,60
172,0.3,40,200,mf_Bohachevsky,60
173,0.5,40,200,mf_Bohachevsky,60
174,0.1,45,200,mf_Bohachevsky,60
175,0.3,45,200,mf_Bohachevsky,60
176,0.5,45,200,mf_Bohachevsky,60
177,0.1,50,200,mf_Bohachevsky,60
178,0.3,50,200,mf_Bohachevsky,60
179,0.5,50,200,mf_Bohachevsky,60
180,0.1,5,200,mf_Bohachevsky,70
181,0.3,5,200,mf_Bohachevsky,70
182,0.5,5,200,mf_Bohachevsky,70
183,0.1,10,200,mf_Bohachevsky,70
184,0.3,10,200,mf_Bohachevsky,70
185,0.5,10,200,mf_Bohachevsky,70
186,0.1,15,200,mf_Bohachevsky,70
187,0.3,15,200,mf_Bohachevsky,70
188,0.5,15,200,mf_Bohachevsky,70
189,0.1,20,200,mf_Bohachevsky,70
190,0.3,20,200,mf_Bohachevsky,70
191,0.5,20,200,mf_Bohachevsky,70
192,0.1,25,200,mf_Bohachevsky,70
193,0.3,25,200,mf_Bohachevsky,70
194,0.5,25,200,mf_Bohachevsky,70
195,0.1,30,200,mf_Bohachevsky,70
196,0.3,30,200,mf_Bohachevsky,70
197,0.5,30,200,mf_Bohachevsky,70
198,0.1,35,200,mf_Bohachevsky,70
199,0.3,35,200,mf_Bohachevsky,70
200,0.5,35,200,mf_Bohachevsky,70
201,0.1,40,200,mf_Bohachevsky,70
202,0.3,40,200,mf_Bohachevsky,70
203,0.5,40,200,mf_Bohachevsky,70
204,0.1,45,200,mf_Bohachevsky,70
205,0.3,45,200,mf_Bohachevsky,70
206,0.5,45,200,mf_Bohachevsky,70
207,0.1,50,200,mf_Bohachevsky,70
208,0.3,50,200,mf_Bohachevsky,70
209,0.5,50,200,mf_Bohachevsky,70
210,0.1,5,200,mf_Bohachevsky,80
211,0.3,5,200,mf_Bohachevsky,80
212,0.5,5,200,mf_Bohachevsky,80
213,0.1,10,200,mf_Bohachevsky,80
214,0.3,10,200,mf_Bohachevsky,80
215,0.5,10,200,mf_Bohachevsky,80
216,0.1,15,200,mf_Bohachevsky,80
217,0.3,15,200,mf_Bohachevsky,80
218,0.5,15,200,mf_Bohachevsky,80
219,0.1,20,200,mf_Bohachevsky,80
220,0.3,20,200,mf_Bohachevsky,80
221,0.5,20,200,mf_Bohachevsky,80
222,0.1,25,200,mf_Bohachevsky,80
223,0.3,25,200,mf_Bohachevsky,80
224,0.5,25,200,mf_Bohachevsky,80
225,0.1,30,200,mf_Bohachevsky,80
226,0.3,30,200,mf_Bohachevsky,80
227,0.5,30,200,mf_Bohachevsky,80
228,0.1,35,200,mf_Bohachevsky,80
229,0.3,35,200,mf_Bohachevsky,80
230,0.5,35,200,mf_Bohachevsky,80
231,0.1,40,200,mf_Bohachevsky,80
232,0.3,40,200,mf_Bohachevsky,80
233,0.5,40,200,mf_Bohachevsky,80
234,0.1,45,200,mf_Bohachevsky,80
235,0.3,45,200,mf_Bohachevsky,80
236,0.5,45,200,mf_Bohachevsky,80
237,0.1,50,200,mf_Bohachevsky,80
238,0.3,50,200,mf_Bohachevsky,80
239,0.5,50,200,mf_Bohachevsky,80
240,0.1,5,200,mf_Bohachevsky,90
241,0.3,5,200,mf_Bohachevsky,90
242,0.5,5,200,mf_Bohachevsky,90
243,0.1,10,200,mf_Bohachevsky,90
244,0.3,10,200,mf_Bohachevsky,90
245,0.5,10,200,mf_Bohachevsky,90
246,0.1,15,200,mf_Bohachevsky,90
247,0.3,15,200,mf_Bohachevsky,90
248,0.5,15,200,mf_Bohachevsky,90
249,0.1,20,200,mf_Bohachevsky,90
250,0.3,20,200,mf_Bohachevsky,90
251,0.5,20,200,mf_Bohachevsky,90
252,0.1,25,200,mf_Bohachevsky,90
253,0.3,25,200,mf_Bohachevsky,90
254,0.5,25,200,mf_Bohachevsky,90
255,0.1,30,200,mf_Bohachevsky,90
256,0.3,30,200,mf_Bohachevsky,90
257,0.5,30,200,mf_Bohachevsky,90
258,0.1,35,200,mf_Bohachevsky,90
259,0.3,35,200,mf_Bohachevsky,90
260,0.5,35,200,mf_Bohachevsky,90
261,0.1,40,200,mf_Bohachevsky,90
262,0.3,40,200,mf_Bohachevsky,90
263,0.5,40,200,mf_Bohachevsky,90
264,0.1,45,200,mf_Bohachevsky,90
265,0.3,45,200,mf_Bohachevsky,90
266,0.5,45,200,mf_Bohachevsky,90
267,0.1,50,200,mf_Bohachevsky,90
268,0.3,50,200,mf_Bohachevsky,90
269,0.5,50,200,mf_Bohachevsky,90
270,0.1,5,200,mf_Bohachevsky,100
271,0.3,5,200,mf_Bohachevsky,100
272,0.5,5,200,mf_Bohachevsky,100
273,0.1,10,200,mf_Bohachevsky,100
274,0.3,10,200,mf_Bohachevsky,100
275,0.5,10,200,mf_Bohachevsky,100
276,0.1,15,200,mf_Bohachevsky,100
277,0.3,15,200,mf_Bohachevsky,100
278,0.5,15,200,mf_Bohachevsky,100
279,0.1,20,200,mf_Bohachevsky,100
280,0.3,20,200,mf_Bohachevsky,100
281,0.5,20,200,mf_Bohachevsky,100
282,0.1,25,200,mf_Bohachevsky,100
283,0.3,25,200,mf_Bohachevsky,100
284,0.5,25,200,mf_Bohachevsky,100
285,0.1,30,200,mf_Bohachevsky,100
286,0.3,30,200,mf_Bohachevsky,100
287,0.5,30,200,mf_Bohachevsky,100
288,0.1,35,200,mf_Bohachevsky,100
289,0.3,35,200,mf_Bohachevsky,100
290,0.5,35,200,mf_Bohachevsky,100
291,0.1,40,200,mf_Bohachevsky,100
292,0.3,40,200,mf_Bohachevsky,100
293,0.5,40,200,mf_Bohachevsky,100
294,0.1,45,200,mf_Bohachevsky,100
295,0.3,45,200,mf_Bohachevsky,100
296,0.5,45,200,mf_Bohachevsky,100
297,0.1,50,200,mf_Bohachevsky,100
298,0.3,50,200,mf_Bohachevsky,100
299,0.5,50,200,mf_Bohachevsky,100
300,0.1,5,200,mf_Booth,10
301,0.3,5,200,mf_Booth,10
302,0.5,5,200,mf_Booth,10
303,0.1,10,200,mf_Booth,10
304,0.3,10,200,mf_Booth,10
305,0.5,10,200,mf_Booth,10
306,0.1,15,200,mf_Booth,10
307,0.3,15,200,mf_Booth,10
308,0.5,15,200,mf_Booth,10
309,0.1,20,200,mf_Booth,10
310,0.3,20,200,mf_Booth,10
311,0.5,20,200,mf_Booth,10
312,0.1,25,200,mf_Booth,10
313,0.3,25,200,mf_Booth,10
314,0.5,25,200,mf_Booth,10
315,0.1,30,200,mf_Booth,10
316,0.3,30,200,mf_Booth,10
317,0.5,30,200,mf_Booth,10
318,0.1,35,200,mf_Booth,10
319,0.3,35,200,mf_Booth,10
320,0.5,35,200,mf_Booth,10
321,0.1,40,200,mf_Booth,10
322,0.3,40,200,mf_Booth,10
323,0.5,40,200,mf_Booth,10
324,0.1,45,200,mf_Booth,10
325,0.3,45,200,mf_Booth,10
326,0.5,45,200,mf_Booth,10
327,0.1,50,200,mf_Booth,10
328,0.3,50,200,mf_Booth,10
329,0.5,50,200,mf_Booth,10
330,0.1,5,200,mf_Booth,20
331,0.3,5,200,mf_Booth,20
332,0.5,5,200,mf_Booth,20
333,0.1,10,200,mf_Booth,20
334,0.3,10,200,mf_Booth,20
335,0.5,10,200,mf_Booth,20
336,0.1,15,200,mf_Booth,20
337,0.3,15,200,mf_Booth,20
338,0.5,15,200,mf_Booth,20
339,0.1,20,200,mf_Booth,20
340,0.3,20,200,mf_Booth,20
341,0.5,20,200,mf_Booth,20
342,0.1,25,200,mf_Booth,20
343,0.3,25,200,mf_Booth,20
344,0.5,25,200,mf_Booth,20
345,0.1,30,200,mf_Booth,20
346,0.3,30,200,mf_Booth,20
347,0.5,30,200,mf_Booth,20
348,0.1,35,200,mf_Booth,20
349,0.3,35,200,mf_Booth,20
350,0.5,35,200,mf_Booth,20
351,0.1,40,200,mf_Booth,20
352,0.3,40,200,mf_Booth,20
353,0.5,40,200,mf_Booth,20
354,0.1,45,200,mf_Booth,20
355,0.3,45,200,mf_Booth,20
356,0.5,45,200,mf_Booth,20
357,0.1,50,200,mf_Booth,20
358,0.3,50,200,mf_Booth,20
359,0.5,50,200,mf_Booth,20
360,0.1,5,200,mf_Booth,30
361,0.3,5,200,mf_Booth,30
362,0.5,5,200,mf_Booth,30
363,0.1,10,200,mf_Booth,30
364,0.3,10,200,mf_Booth,30
365,0.5,10,200,mf_Booth,30
366,0.1,15,200,mf_Booth,30
367,0.3,15,200,mf_Booth,30
368,0.5,15,200,mf_Booth,30
369,0.1,20,200,mf_Booth,30
370,0.3,20,200,mf_Booth,30
371,0.5,20,200,mf_Booth,30
372,0.1,25,200,mf_Booth,30
373,0.3,25,200,mf_Booth,30
374,0.5,25,200,mf_Booth,30
375,0.1,30,200,mf_Booth,30
376,0.3,30,200,mf_Booth,30
377,0.5,30,200,mf_Booth,30
378,0.1,35,200,mf_Booth,30
379,0.3,35,200,mf_Booth,30
380,0.5,35,200,mf_Booth,30
381,0.1,40,200,mf_Booth,30
382,0.3,40,200,mf_Booth,30
383,0.5,40,200,mf_Booth,30
384,0.1,45,200,mf_Booth,30
385,0.3,45,200,mf_Booth,30
386,0.5,45,200,mf_Booth,30
387,0.1,50,200,mf_Booth,30
388,0.3,50,200,mf_Booth,30
389,0.5,50,200,mf_Booth,30
390,0.1,5,200,mf_Booth,40
391,0.3,5,200,mf_Booth,40
392,0.5,5,200,mf_Booth,40
393,0.1,10,200,mf_Booth,40
394,0.3,10,200,mf_Booth,40
395,0.5,10,200,mf_Booth,40
396,0.1,15,200,mf_Booth,40
397,0.3,15,200,mf_Booth,40
398,0.5,15,200,mf_Booth,40
399,0.1,20,200,mf_Booth,40
400,0.3,20,200,mf_Booth,40
401,0.5,20,200,mf_Booth,40
402,0.1,25,200,mf_Booth,40
403,0.3,25,200,mf_Booth,40
404,0.5,25,200,mf_Booth,40
405,0.1,30,200,mf_Booth,40
406,0.3,30,200,mf_Booth,40
407,0.5,30,200,mf_Booth,40
408,0.1,35,200,mf_Booth,40
409,0.3,35,200,mf_Booth,40
410,0.5,35,200,mf_Booth,40
411,0.1,40,200,mf_Booth,40
412,0.3,40,200,mf_Booth,40
413,0.5,40,200,mf_Booth,40
414,0.1,45,200,mf_Booth,40
415,0.3,45,200,mf_Booth,40
416,0.5,45,200,mf_Booth,40
417,0.1,50,200,mf_Booth,40
418,0.3,50,200,mf_Booth,40
419,0.5,50,200,mf_Booth,40
420,0.1,5,200,mf_Booth,50
421,0.3,5,200,mf_Booth,50
422,0.5,5,200,mf_Booth,50
423,0.1,10,200,mf_Booth,50
424,0.3,10,200,mf_Booth,50
425,0.5,10,200,mf_Booth,50
426,0.1,15,200,mf_Booth,50
427,0.3,15,200,mf_Booth,50
428,0.5,15,200,mf_Booth,50
429,0.1,20,200,mf_Booth,50
430,0.3,20,200,mf_Booth,50
431,0.5,20,200,mf_Booth,50
432,0.1,25,200,mf_Booth,50
433,0.3,25,200,mf_Booth,50
434,0.5,25,200,mf_Booth,50
435,0.1,30,200,mf_Booth,50
436,0.3,30,200,mf_Booth,50
437,0.5,30,200,mf_Booth,50
438,0.1,35,200,mf_Booth,50
439,0.3,35,200,mf_Booth,50
440,0.5,35,200,mf_Booth,50
441,0.1,40,200,mf_Booth,50
442,0.3,40,200,mf_Booth,50
443,0.5,40,200,mf_Booth,50
444,0.1,45,200,mf_Booth,50
445,0.3,45,200,mf_Booth,50
446,0.5,45,200,mf_Booth,50
447,0.1,50,200,mf_Booth,50
448,0.3,50,200,mf_Booth,50
449,0.5,50,200,mf_Booth,50
450,0.1,5,200,mf_Booth,60
451,0.3,5,200,mf_Booth,60
452,0.5,5,200,mf_Booth,60
453,0.1,10,200,mf_Booth,60
454,0.3,10,200,mf_Booth,60
455,0.5,10,200,mf_Booth,60
456,0.1,15,200,mf_Booth,60
457,0.3,15,200,mf_Booth,60
458,0.5,15,200,mf_Booth,60
459,0.1,20,200,mf_Booth,60
460,0.3,20,200,mf_Booth,60
461,0.5,20,200,mf_Booth,60
462,0.1,25,200,mf_Booth,60
463,0.3,25,200,mf_Booth,60
464,0.5,25,200,mf_Booth,60
465,0.1,30,200,mf_Booth,60
466,0.3,30,200,mf_Booth,60
467,0.5,30,200,mf_Booth,60
468,0.1,35,200,mf_Booth,60
469,0.3,35,200,mf_Booth,60
470,0.5,35,200,mf_Booth,60
471,0.1,40,200,mf_Booth,60
472,0.3,40,200,mf_Booth,60
473,0.5,40,200,mf_Booth,60
474,0.1,45,200,mf_Booth,60
475,0.3,45,200,mf_Booth,60
476,0.5,45,200,mf_Booth,60
477,0.1,50,200,mf_Booth,60
478,0.3,50,200,mf_Booth,60
479,0.5,50,200,mf_Booth,60
480,0.1,5,200,mf_Booth,70
481,0.3,5,200,mf_Booth,70
482,0.5,5,200,mf_Booth,70
483,0.1,10,200,mf_Booth,70
484,0.3,10,200,mf_Booth,70
485,0.5,10,200,mf_Booth,70
486,0.1,15,200,mf_Booth,70
487,0.3,15,200,mf_Booth,70
488,0.5,15,200,mf_Booth,70
489,0.1,20,200,mf_Booth,70
490,0.3,20,200,mf_Booth,70
491,0.5,20,200,mf_Booth,70
492,0.1,25,200,mf_Booth,70
493,0.3,25,200,mf_Booth,70
494,0.5,25,200,mf_Booth,70
495,0.1,30,200,mf_Booth,70
496,0.3,30,200,mf_Booth,70
497,0.5,30,200,mf_Booth,70
498,0.1,35,200,mf_Booth,70
499,0.3,35,200,mf_Booth,70
500,0.5,35,200,mf_Booth,70
501,0.1,40,200,mf_Booth,70
502,0.3,40,200,mf_Booth,70
503,0.5,40,200,mf_Booth,70
504,0.1,45,200,mf_Booth,70
505,0.3,45,200,mf_Booth,70
506,0.5,45,200,mf_Booth,70
507,0.1,50,200,mf_Booth,70
508,0.3,50,200,mf_Booth,70
509,0.5,50,200,mf_Booth,70
510,0.1,5,200,mf_Booth,80
511,0.3,5,200,mf_Booth,80
512,0.5,5,200,mf_Booth,80
513,0.1,10,200,mf_Booth,80
514,0.3,10,200,mf_Booth,80
515,0.5,10,200,mf_Booth,80
516,0.1,15,200,mf_Booth,80
517,0.3,15,200,mf_Booth,80
518,0.5,15,200,mf_Booth,80
519,0.1,20,200,mf_Booth,80
520,0.3,20,200,mf_Booth,80
521,0.5,20,200,mf_Booth,80
522,0.1,25,200,mf_Booth,80
523,0.3,25,200,mf_Booth,80
524,0.5,25,200,mf_Booth,80
525,0.1,30,200,mf_Booth,80
526,0.3,30,200,mf_Booth,80
527,0.5,30,200,mf_Booth,80
528,0.1,35,200,mf_Booth,80
529,0.3,35,200,mf_Booth,80
530,0.5,35,200,mf_Booth,80
531,0.1,40,200,mf_Booth,80
532,0.3,40,200,mf_Booth,80
533,0.5,40,200,mf_Booth,80
534,0.1,45,200,mf_Booth,80
535,0.3,45,200,mf_Booth,80
536,0.5,45,200,mf_Booth,80
537,0.1,50,200,mf_Booth,80
538,0.3,50,200,mf_Booth,80
539,0.5,50,200,mf_Booth,80
540,0.1,5,200,mf_Booth,90
541,0.3,5,200,mf_Booth,90
542,0.5,5,200,mf_Booth,90
543,0.1,10,200,mf_Booth,90
544,0.3,10,200,mf_Booth,90
545,0.5,10,200,mf_Booth,90
546,0.1,15,200,mf_Booth,90
547,0.3,15,200,mf_Booth,90
548,0.5,15,200,mf_Booth,90
549,0.1,20,200,mf_Booth,90
550,0.3,20,200,mf_Booth,90
551,0.5,20,200,mf_Booth,90
552,0.1,25,200,mf_Booth,90
553,0.3,25,200,mf_Booth,90
554,0.5,25,200,mf_Booth,90
555,0.1,30,200,mf_Booth,90
556,0.3,30,200,mf_Booth,90
557,0.5,30,200,mf_Booth,90
558,0.1,35,200,mf_Booth,90
559,0.3,35,200,mf_Booth,90
560,0.5,35,200,mf_Booth,90
561,0.1,40,200,mf_Booth,90
562,0.3,40,200,mf_Booth,90
563,0.5,40,200,mf_Booth,90
564,0.1,45,200,mf_Booth,90
565,0.3,45,200,mf_Booth,90
566,0.5,45,200,mf_Booth,90
567,0.1,50,200,mf_Booth,90
568,0.3,50,200,mf_Booth,90
569,0.5,50,200,mf_Booth,90
570,0.1,5,200,mf_Booth,100
571,0.3,5,200,mf_Booth,100
572,0.5,5,200,mf_Booth,100
573,0.1,10,200,mf_Booth,100
574,0.3,10,200,mf_Booth,100
575,0.5,10,200,mf_Booth,100
576,0.1,15,200,mf_Booth,100
577,0.3,15,200,mf_Booth,100
578,0.5,15,200,mf_Booth,100
579,0.1,20,200,mf_Booth,100
580,0.3,20,200,mf_Booth,100
581,0.5,20,200,mf_Booth,100
582,0.1,25,200,mf_Booth,100
583,0.3,25,200,mf_Booth,100
584,0.5,25,200,mf_Booth,100
585,0.1,30,200,mf_Booth,100
586,0.3,30,200,mf_Booth,100
587,0.5,30,200,mf_Booth,100
588,0.1,35,200,mf_Booth,100
589,0.3,35,200,mf_Booth,100
590,0.5,35,200,mf_Booth,100
591,0.1,40,200,mf_Booth,100
592,0.3,40,200,mf_Booth,100
593,0.5,40,200,mf_Booth,100
594,0.1,45,200,mf_Booth,100
595,0.3,45,200,mf_Booth,100
596,0.5,45,200,mf_Booth,100
597,0.1,50,200,mf_Booth,100
598,0.3,50,200,mf_Booth,100
599,0.5,50,200,mf_Booth,100
600,0.1,5,200,mf_Borehole,10
601,0.3,5,200,mf_Borehole,10
602,0.5,5,200,mf_Borehole,10
603,0.1,10,200,mf_Borehole,10
604,0.3,10,200,mf_Borehole,10
605,0.5,10,200,mf_Borehole,10
606,0.1,15,200,mf_Borehole,10
607,0.3,15,200,mf_Borehole,10
608,0.5,15,200,mf_Borehole,10
609,0.1,20,200,mf_Borehole,10
610,0.3,20,200,mf_Borehole,10
611,0.5,20,200,mf_Borehole,10
612,0.1,25,200,mf_Borehole,10
613,0.3,25,200,mf_Borehole,10
614,0.5,25,200,mf_Borehole,10
615,0.1,30,200,mf_Borehole,10
616,0.3,30,200,mf_Borehole,10
617,0.5,30,200,mf_Borehole,10
618,0.1,35,200,mf_Borehole,10
619,0.3,35,200,mf_Borehole,10
620,0.5,35,200,mf_Borehole,10
621,0.1,40,200,mf_Borehole,10
622,0.3,40,200,mf_Borehole,10
623,0.5,40,200,mf_Borehole,10
624,0.1,45,200,mf_Borehole,10
625,0.3,45,200,mf_Borehole,10
626,0.5,45,200,mf_Borehole,10
627,0.1,50,200,mf_Borehole,10
628,0.3,50,200,mf_Borehole,10
629,0.5,50,200,mf_Borehole,10
630,0.1,5,200,mf_Borehole,20
631,0.3,5,200,mf_Borehole,20
632,0.5,5,200,mf_Borehole,20
633,0.1,10,200,mf_Borehole,20
634,0.3,10,200,mf_Borehole,20
635,0.5,10,200,mf_Borehole,20
636,0.1,15,200,mf_Borehole,20
637,0.3,15,200,mf_Borehole,20
638,0.5,15,200,mf_Borehole,20
639,0.1,20,200,mf_Borehole,20
640,0.3,20,200,mf_Borehole,20
641,0.5,20,200,mf_Borehole,20
642,0.1,25,200,mf_Borehole,20
643,0.3,25,200,mf_Borehole,20
644,0.5,25,200,mf_Borehole,20
645,0.1,30,200,mf_Borehole,20
646,0.3,30,200,mf_Borehole,20
647,0.5,30,200,mf_Borehole,20
648,0.1,35,200,mf_Borehole,20
649,0.3,35,200,mf_Borehole,20
650,0.5,35,200,mf_Borehole,20
651,0.1,40,200,mf_Borehole,20
652,0.3,40,200,mf_Borehole,20
653,0.5,40,200,mf_Borehole,20
654,0.1,45,200,mf_Borehole,20
655,0.3,45,200,mf_Borehole,20
656,0.5,45,200,mf_Borehole,20
657,0.1,50,200,mf_Borehole,20
658,0.3,50,200,mf_Borehole,20
659,0.5,50,200,mf_Borehole,20
660,0.1,5,200,mf_Borehole,30
661,0.3,5,200,mf_Borehole,30
662,0.5,5,200,mf_Borehole,30
663,0.1,10,200,mf_Borehole,30
664,0.3,10,200,mf_Borehole,30
665,0.5,10,200,mf_Borehole,30
666,0.1,15,200,mf_Borehole,30
667,0.3,15,200,mf_Borehole,30
668,0.5,15,200,mf_Borehole,30
669,0.1,20,200,mf_Borehole,30
670,0.3,20,200,mf_Borehole,30
671,0.5,20,200,mf_Borehole,30
672,0.1,25,200,mf_Borehole,30
673,0.3,25,200,mf_Borehole,30
674,0.5,25,200,mf_Borehole,30
675,0.1,30,200,mf_Borehole,30
676,0.3,30,200,mf_Borehole,30
677,0.5,30,200,mf_Borehole,30
678,0.1,35,200,mf_Borehole,30
679,0.3,35,200,mf_Borehole,30
680,0.5,35,200,mf_Borehole,30
681,0.1,40,200,mf_Borehole,30
682,0.3,40,200,mf_Borehole,30
683,0.5,40,200,mf_Borehole,30
684,0.1,45,200,mf_Borehole,30
685,0.3,45,200,mf_Borehole,30
686,0.5,45,200,mf_Borehole,30
687,0.1,50,200,mf_Borehole,30
688,0.3,50,200,mf_Borehole,30
689,0.5,50,200,mf_Borehole,30
690,0.1,5,200,mf_Borehole,40
691,0.3,5,200,mf_Borehole,40
692,0.5,5,200,mf_Borehole,40
693,0.1,10,200,mf_Borehole,40
694,0.3,10,200,mf_Borehole,40
695,0.5,10,200,mf_Borehole,40
696,0.1,15,200,mf_Borehole,40
697,0.3,15,200,mf_Borehole,40
698,0.5,15,200,mf_Borehole,40
699,0.1,20,200,mf_Borehole,40
700,0.3,20,200,mf_Borehole,40
701,0.5,20,200,mf_Borehole,40
702,0.1,25,200,mf_Borehole,40
703,0.3,25,200,mf_Borehole,40
704,0.5,25,200,mf_Borehole,40
705,0.1,30,200,mf_Borehole,40
706,0.3,30,200,mf_Borehole,40
707,0.5,30,200,mf_Borehole,40
708,0.1,35,200,mf_Borehole,40
709,0.3,35,200,mf_Borehole,40
710,0.5,35,200,mf_Borehole,40
711,0.1,40,200,mf_Borehole,40
712,0.3,40,200,mf_Borehole,40
713,0.5,40,200,mf_Borehole,40
714,0.1,45,200,mf_Borehole,40
715,0.3,45,200,mf_Borehole,40
716,0.5,45,200,mf_Borehole,40
717,0.1,50,200,mf_Borehole,40
718,0.3,50,200,mf_Borehole,40
719,0.5,50,200,mf_Borehole,40
720,0.1,5,200,mf_Borehole,50
721,0.3,5,200,mf_Borehole,50
722,0.5,5,200,mf_Borehole,50
723,0.1,10,200,mf_Borehole,50
724,0.3,10,200,mf_Borehole,50
725,0.5,10,200,mf_Borehole,50
726,0.1,15,200,mf_Borehole,50
727,0.3,15,200,mf_Borehole,50
728,0.5,15,200,mf_Borehole,50
729,0.1,20,200,mf_Borehole,50
730,0.3,20,200,mf_Borehole,50
731,0.5,20,200,mf_Borehole,50
732,0.1,25,200,mf_Borehole,50
733,0.3,25,200,mf_Borehole,50
734,0.5,25,200,mf_Borehole,50
735,0.1,30,200,mf_Borehole,50
736,0.3,30,200,mf_Borehole,50
737,0.5,30,200,mf_Borehole,50
738,0.1,35,200,mf_Borehole,50
739,0.3,35,200,mf_Borehole,50
740,0.5,35,200,mf_Borehole,50
741,0.1,40,200,mf_Borehole,50
742,0.3,40,200,mf_Borehole,50
743,0.5,40,200,mf_Borehole,50
744,0.1,45,200,mf_Borehole,50
745,0.3,45,200,mf_Borehole,50
746,0.5,45,200,mf_Borehole,50
747,0.1,50,200,mf_Borehole,50
748,0.3,50,200,mf_Borehole,50
749,0.5,50,200,mf_Borehole,50
750,0.1,5,200,mf_Borehole,60
751,0.3,5,200,mf_Borehole,60
752,0.5,5,200,mf_Borehole,60
753,0.1,10,200,mf_Borehole,60
754,0.3,10,200,mf_Borehole,60
755,0.5,10,200,mf_Borehole,60
756,0.1,15,200,mf_Borehole,60
757,0.3,15,200,mf_Borehole,60
758,0.5,15,200,mf_Borehole,60
759,0.1,20,200,mf_Borehole,60
760,0.3,20,200,mf_Borehole,60
761,0.5,20,200,mf_Borehole,60
762,0.1,25,200,mf_Borehole,60
763,0.3,25,200,mf_Borehole,60
764,0.5,25,200,mf_Borehole,60
765,0.1,30,200,mf_Borehole,60
766,0.3,30,200,mf_Borehole,60
767,0.5,30,200,mf_Borehole,60
768,0.1,35,200,mf_Borehole,60
769,0.3,35,200,mf_Borehole,60
770,0.5,35,200,mf_Borehole,60
771,0.1,40,200,mf_Borehole,60
772,0.3,40,200,mf_Borehole,60
773,0.5,40,200,mf_Borehole,60
774,0.1,45,200,mf_Borehole,60
775,0.3,45,200,mf_Borehole,60
776,0.5,45,200,mf_Borehole,60
777,0.1,50,200,mf_Borehole,60
778,0.3,50,200,mf_Borehole,60
779,0.5,50,200,mf_Borehole,60
780,0.1,5,200,mf_Borehole,70
781,0.3,5,200,mf_Borehole,70
782,0.5,5,200,mf_Borehole,70
783,0.1,10,200,mf_Borehole,70
784,0.3,10,200,mf_Borehole,70
785,0.5,10,200,mf_Borehole,70
786,0.1,15,200,mf_Borehole,70
787,0.3,15,200,mf_Borehole,70
788,0.5,15,200,mf_Borehole,70
789,0.1,20,200,mf_Borehole,70
790,0.3,20,200,mf_Borehole,70
791,0.5,20,200,mf_Borehole,70
792,0.1,25,200,mf_Borehole,70
793,0.3,25,200,mf_Borehole,70
794,0.5,25,200,mf_Borehole,70
795,0.1,30,200,mf_Borehole,70
796,0.3,30,200,mf_Borehole,70
797,0.5,30,200,mf_Borehole,70
798,0.1,35,200,mf_Borehole,70
799,0.3,35,200,mf_Borehole,70
800,0.5,35,200,mf_Borehole,70
801,0.1,40,200,mf_Borehole,70
802,0.3,40,200,mf_Borehole,70
803,0.5,40,200,mf_Borehole,70
804,0.1,45,200,mf_Borehole,70
805,0.3,45,200,mf_Borehole,70
806,0.5,45,200,mf_Borehole,70
807,0.1,50,200,mf_Borehole,70
808,0.3,50,200,mf_Borehole,70
809,0.5,50,200,mf_Borehole,70
810,0.1,5,200,mf_Borehole,80
811,0.3,5,200,mf_Borehole,80
812,0.5,5,200,mf_Borehole,80
813,0.1,10,200,mf_Borehole,80
814,0.3,10,200,mf_Borehole,80
815,0.5,10,200,mf_Borehole,80
816,0.1,15,200,mf_Borehole,80
817,0.3,15,200,mf_Borehole,80
818,0.5,15,200,mf_Borehole,80
819,0.1,20,200,mf_Borehole,80
820,0.3,20,200,mf_Borehole,80
821,0.5,20,200,mf_Borehole,80
822,0.1,25,200,mf_Borehole,80
823,0.3,25,200,mf_Borehole,80
824,0.5,25,200,mf_Borehole,80
825,0.1,30,200,mf_Borehole,80
826,0.3,30,200,mf_Borehole,80
827,0.5,30,200,mf_Borehole,80
828,0.1,35,200,mf_Borehole,80
829,0.3,35,200,mf_Borehole,80
830,0.5,35,200,mf_Borehole,80
831,0.1,40,200,mf_Borehole,80
832,0.3,40,200,mf_Borehole,80
833,0.5,40,200,mf_Borehole,80
834,0.1,45,200,mf_Borehole,80
835,0.3,45,200,mf_Borehole,80
836,0.5,45,200,mf_Borehole,80
837,0.1,50,200,mf_Borehole,80
838,0.3,50,200,mf_Borehole,80
839,0.5,50,200,mf_Borehole,80
840,0.1,5,200,mf_Borehole,90
841,0.3,5,200,mf_Borehole,90
842,0.5,5,200,mf_Borehole,90
843,0.1,10,200,mf_Borehole,90
844,0.3,10,200,mf_Borehole,90
845,0.5,10,200,mf_Borehole,90
846,0.1,15,200,mf_Borehole,90
847,0.3,15,200,mf_Borehole,90
848,0.5,15,200,mf_Borehole,90
849,0.1,20,200,mf_Borehole,90
850,0.3,20,200,mf_Borehole,90
851,0.5,20,200,mf_Borehole,90
852,0.1,25,200,mf_Borehole,90
853,0.3,25,200,mf_Borehole,90
854,0.5,25,200,mf_Borehole,90
855,0.1,30,200,mf_Borehole,90
856,0.3,30,200,mf_Borehole,90
857,0.5,30,200,mf_Borehole,90
858,0.1,35,200,mf_Borehole,90
859,0.3,35,200,mf_Borehole,90
860,0.5,35,200,mf_Borehole,90
861,0.1,40,200,mf_Borehole,90
862,0.3,40,200,mf_Borehole,90
863,0.5,40,200,mf_Borehole,90
864,0.1,45,200,mf_Borehole,90
865,0.3,45,200,mf_Borehole,90
866,0.5,45,200,mf_Borehole,90
867,0.1,50,200,mf_Borehole,90
868,0.3,50,200,mf_Borehole,90
869,0.5,50,200,mf_Borehole,90
870,0.1,5,200,mf_Borehole,100
871,0.3,5,200,mf_Borehole,100
872,0.5,5,200,mf_Borehole,100
873,0.1,10,200,mf_Borehole,100
874,0.3,10,200,mf_Borehole,100
875,0.5,10,200,mf_Borehole,100
876,0.1,15,200,mf_Borehole,100
877,0.3,15,200,mf_Borehole,100
878,0.5,15,200,mf_Borehole,100
879,0.1,20,200,mf_Borehole,100
880,0.3,20,200,mf_Borehole,100
881,0.5,20,200,mf_Borehole,100
882,0.1,25,200,mf_Borehole,100
883,0.3,25,200,mf_Borehole,100
884,0.5,25,200,mf_Borehole,100
885,0.1,30,200,mf_Borehole,100
886,0.3,30,200,mf_Borehole,100
887,0.5,30,200,mf_Borehole,100
888,0.1,35,200,mf_Borehole,100
889,0.3,35,200,mf_Borehole,100
890,0.5,35,200,mf_Borehole,100
891,0.1,40,200,mf_Borehole,100
892,0.3,40,200,mf_Borehole,100
893,0.5,40,200,mf_Borehole,100
894,0.1,45,200,mf_Borehole,100
895,0.3,45,200,mf_Borehole,100
896,0.5,45,200,mf_Borehole,100
897,0.1,50,200,mf_Borehole,100
898,0.3,50,200,mf_Borehole,100
899,0.5,50,200,mf_Borehole,100
900,0.1,5,200,mf_CurrinExp,10
901,0.3,5,200,mf_CurrinExp,10
902,0.5,5,200,mf_CurrinExp,10
903,0.1,10,200,mf_CurrinExp,10
904,0.3,10,200,mf_CurrinExp,10
905,0.5,10,200,mf_CurrinExp,10
906,0.1,15,200,mf_CurrinExp,10
907,0.3,15,200,mf_CurrinExp,10
908,0.5,15,200,mf_CurrinExp,10
909,0.1,20,200,mf_CurrinExp,10
910,0.3,20,200,mf_CurrinExp,10
911,0.5,20,200,mf_CurrinExp,10
912,0.1,25,200,mf_CurrinExp,10
913,0.3,25,200,mf_CurrinExp,10
914,0.5,25,200,mf_CurrinExp,10
915,0.1,30,200,mf_CurrinExp,10
916,0.3,30,200,mf_CurrinExp,10
917,0.5,30,200,mf_CurrinExp,10
918,0.1,35,200,mf_CurrinExp,10
919,0.3,35,200,mf_CurrinExp,10
920,0.5,35,200,mf_CurrinExp,10
921,0.1,40,200,mf_CurrinExp,10
922,0.3,40,200,mf_CurrinExp,10
923,0.5,40,200,mf_CurrinExp,10
924,0.1,45,200,mf_CurrinExp,10
925,0.3,45,200,mf_CurrinExp,10
926,0.5,45,200,mf_CurrinExp,10
927,0.1,50,200,mf_CurrinExp,10
928,0.3,50,200,mf_CurrinExp,10
929,0.5,50,200,mf_CurrinExp,10
930,0.1,5,200,mf_CurrinExp,20
931,0.3,5,200,mf_CurrinExp,20
932,0.5,5,200,mf_CurrinExp,20
933,0.1,10,200,mf_CurrinExp,20
934,0.3,10,200,mf_CurrinExp,20
935,0.5,10,200,mf_CurrinExp,20
936,0.1,15,200,mf_CurrinExp,20
937,0.3,15,200,mf_CurrinExp,20
938,0.5,15,200,mf_CurrinExp,20
939,0.1,20,200,mf_CurrinExp,20
940,0.3,20,200,mf_CurrinExp,20
941,0.5,20,200,mf_CurrinExp,20
942,0.1,25,200,mf_CurrinExp,20
943,0.3,25,200,mf_CurrinExp,20
944,0.5,25,200,mf_CurrinExp,20
945,0.1,30,200,mf_CurrinExp,20
946,0.3,30,200,mf_CurrinExp,20
947,0.5,30,200,mf_CurrinExp,20
948,0.1,35,200,mf_CurrinExp,20
949,0.3,35,200,mf_CurrinExp,20
950,0.5,35,200,mf_CurrinExp,20
951,0.1,40,200,mf_CurrinExp,20
952,0.3,40,200,mf_CurrinExp,20
953,0.5,40,200,mf_CurrinExp,20
954,0.1,45,200,mf_CurrinExp,20
955,0.3,45,200,mf_CurrinExp,20
956,0.5,45,200,mf_CurrinExp,20
957,0.1,50,200,mf_CurrinExp,20
958,0.3,50,200,mf_CurrinExp,20
959,0.5,50,200,mf_CurrinExp,20
960,0.1,5,200,mf_CurrinExp,30
961,0.3,5,200,mf_CurrinExp,30
962,0.5,5,200,mf_CurrinExp,30
963,0.1,10,200,mf_CurrinExp,30
964,0.3,10,200,mf_CurrinExp,30
965,0.5,10,200,mf_CurrinExp,30
966,0.1,15,200,mf_CurrinExp,30
967,0.3,15,200,mf_CurrinExp,30
968,0.5,15,200,mf_CurrinExp,30
969,0.1,20,200,mf_CurrinExp,30
970,0.3,20,200,mf_CurrinExp,30
971,0.5,20,200,mf_CurrinExp,30
972,0.1,25,200,mf_CurrinExp,30
973,0.3,25,200,mf_CurrinExp,30
974,0.5,25,200,mf_CurrinExp,30
975,0.1,30,200,mf_CurrinExp,30
976,0.3,30,200,mf_CurrinExp,30
977,0.5,30,200,mf_CurrinExp,30
978,0.1,35,200,mf_CurrinExp,30
979,0.3,35,200,mf_CurrinExp,30
980,0.5,35,200,mf_CurrinExp,30
981,0.1,40,200,mf_CurrinExp,30
982,0.3,40,200,mf_CurrinExp,30
983,0.5,40,200,mf_CurrinExp,30
984,0.1,45,200,mf_CurrinExp,30
985,0.3,45,200,mf_CurrinExp,30
986,0.5,45,200,mf_CurrinExp,30
987,0.1,50,200,mf_CurrinExp,30
988,0.3,50,200,mf_CurrinExp,30
989,0.5,50,200,mf_CurrinExp,30
990,0.1,5,200,mf_CurrinExp,40
991,0.3,5,200,mf_CurrinExp,40
992,0.5,5,200,mf_CurrinExp,40
993,0.1,10,200,mf_CurrinExp,40
994,0.3,10,200,mf_CurrinExp,40
995,0.5,10,200,mf_CurrinExp,40
996,0.1,15,200,mf_CurrinExp,40
997,0.3,15,200,mf_CurrinExp,40
998,0.5,15,200,mf_CurrinExp,40
999,0.1,20,200,mf_CurrinExp,40
1000,0.3,20,200,mf_CurrinExp,40
1001,0.5,20,200,mf_CurrinExp,40
1002,0.1,25,200,mf_CurrinExp,40
1003,0.3,25,200,mf_CurrinExp,40
1004,0.5,25,200,mf_CurrinExp,40
1005,0.1,30,200,mf_CurrinExp,40
1006,0.3,30,200,mf_CurrinExp,40
1007,0.5,30,200,mf_CurrinExp,40
1008,0.1,35,200,mf_CurrinExp,40
1009,0.3,35,200,mf_CurrinExp,40
1010,0.5,35,200,mf_CurrinExp,40
1011,0.1,40,200,mf_CurrinExp,40
1012,0.3,40,200,mf_CurrinExp,40
1013,0.5,40,200,mf_CurrinExp,40
1014,0.1,45,200,mf_CurrinExp,40
1015,0.3,45,200,mf_CurrinExp,40
1016,0.5,45,200,mf_CurrinExp,40
1017,0.1,50,200,mf_CurrinExp,40
1018,0.3,50,200,mf_CurrinExp,40
1019,0.5,50,200,mf_CurrinExp,40
1020,0.1,5,200,mf_CurrinExp,50
1021,0.3,5,200,mf_CurrinExp,50
1022,0.5,5,200,mf_CurrinExp,50
1023,0.1,10,200,mf_CurrinExp,50
1024,0.3,10,200,mf_CurrinExp,50
1025,0.5,10,200,mf_CurrinExp,50
1026,0.1,15,200,mf_CurrinExp,50
1027,0.3,15,200,mf_CurrinExp,50
1028,0.5,15,200,mf_CurrinExp,50
1029,0.1,20,200,mf_CurrinExp,50
1030,0.3,20,200,mf_CurrinExp,50
1031,0.5,20,200,mf_CurrinExp,50
1032,0.1,25,200,mf_CurrinExp,50
1033,0.3,25,200,mf_CurrinExp,50
1034,0.5,25,200,mf_CurrinExp,50
1035,0.1,30,200,mf_CurrinExp,50
1036,0.3,30,200,mf_CurrinExp,50
1037,0.5,30,200,mf_CurrinExp,50
1038,0.1,35,200,mf_CurrinExp,50
1039,0.3,35,200,mf_CurrinExp,50
1040,0.5,35,200,mf_CurrinExp,50
1041,0.1,40,200,mf_CurrinExp,50
1042,0.3,40,200,mf_CurrinExp,50
1043,0.5,40,200,mf_CurrinExp,50
1044,0.1,45,200,mf_CurrinExp,50
1045,0.3,45,200,mf_CurrinExp,50
1046,0.5,45,200,mf_CurrinExp,50
1047,0.1,50,200,mf_CurrinExp,50
1048,0.3,50,200,mf_CurrinExp,50
1049,0.5,50,200,mf_CurrinExp,50
1050,0.1,5,200,mf_CurrinExp,60
1051,0.3,5,200,mf_CurrinExp,60
1052,0.5,5,200,mf_CurrinExp,60
1053,0.1,10,200,mf_CurrinExp,60
1054,0.3,10,200,mf_CurrinExp,60
1055,0.5,10,200,mf_CurrinExp,60
1056,0.1,15,200,mf_CurrinExp,60
1057,0.3,15,200,mf_CurrinExp,60
1058,0.5,15,200,mf_CurrinExp,60
1059,0.1,20,200,mf_CurrinExp,60
1060,0.3,20,200,mf_CurrinExp,60
1061,0.5,20,200,mf_CurrinExp,60
1062,0.1,25,200,mf_CurrinExp,60
1063,0.3,25,200,mf_CurrinExp,60
1064,0.5,25,200,mf_CurrinExp,60
1065,0.1,30,200,mf_CurrinExp,60
1066,0.3,30,200,mf_CurrinExp,60
1067,0.5,30,200,mf_CurrinExp,60
1068,0.1,35,200,mf_CurrinExp,60
1069,0.3,35,200,mf_CurrinExp,60
1070,0.5,35,200,mf_CurrinExp,60
1071,0.1,40,200,mf_CurrinExp,60
1072,0.3,40,200,mf_CurrinExp,60
1073,0.5,40,200,mf_CurrinExp,60
1074,0.1,45,200,mf_CurrinExp,60
1075,0.3,45,200,mf_CurrinExp,60
1076,0.5,45,200,mf_CurrinExp,60
1077,0.1,50,200,mf_CurrinExp,60
1078,0.3,50,200,mf_CurrinExp,60
1079,0.5,50,200,mf_CurrinExp,60
1080,0.1,5,200,mf_CurrinExp,70
1081,0.3,5,200,mf_CurrinExp,70
1082,0.5,5,200,mf_CurrinExp,70
1083,0.1,10,200,mf_CurrinExp,70
1084,0.3,10,200,mf_CurrinExp,70
1085,0.5,10,200,mf_CurrinExp,70
1086,0.1,15,200,mf_CurrinExp,70
1087,0.3,15,200,mf_CurrinExp,70
1088,0.5,15,200,mf_CurrinExp,70
1089,0.1,20,200,mf_CurrinExp,70
1090,0.3,20,200,mf_CurrinExp,70
1091,0.5,20,200,mf_CurrinExp,70
1092,0.1,25,200,mf_CurrinExp,70
1093,0.3,25,200,mf_CurrinExp,70
1094,0.5,25,200,mf_CurrinExp,70
1095,0.1,30,200,mf_CurrinExp,70
1096,0.3,30,200,mf_CurrinExp,70
1097,0.5,30,200,mf_CurrinExp,70
1098,0.1,35,200,mf_CurrinExp,70
1099,0.3,35,200,mf_CurrinExp,70
1100,0.5,35,200,mf_CurrinExp,70
1101,0.1,40,200,mf_CurrinExp,70
1102,0.3,40,200,mf_CurrinExp,70
1103,0.5,40,200,mf_CurrinExp,70
1104,0.1,45,200,mf_CurrinExp,70
1105,0.3,45,200,mf_CurrinExp,70
1106,0.5,45,200,mf_CurrinExp,70
1107,0.1,50,200,mf_CurrinExp,70
1108,0.3,50,200,mf_CurrinExp,70
1109,0.5,50,200,mf_CurrinExp,70
1110,0.1,5,200,mf_CurrinExp,80
1111,0.3,5,200,mf_CurrinExp,80
1112,0.5,5,200,mf_CurrinExp,80
1113,0.1,10,200,mf_CurrinExp,80
1114,0.3,10,200,mf_CurrinExp,80
1115,0.5,10,200,mf_CurrinExp,80
1116,0.1,15,200,mf_CurrinExp,80
1117,0.3,15,200,mf_CurrinExp,80
1118,0.5,15,200,mf_CurrinExp,80
1119,0.1,20,200,mf_CurrinExp,80
1120,0.3,20,200,mf_CurrinExp,80
1121,0.5,20,200,mf_CurrinExp,80
1122,0.1,25,200,mf_CurrinExp,80
1123,0.3,25,200,mf_CurrinExp,80
1124,0.5,25,200,mf_CurrinExp,80
1125,0.1,30,200,mf_CurrinExp,80
1126,0.3,30,200,mf_CurrinExp,80
1127,0.5,30,200,mf_CurrinExp,80
1128,0.1,35,200,mf_CurrinExp,80
1129,0.3,35,200,mf_CurrinExp,80
1130,0.5,35,200,mf_CurrinExp,80
1131,0.1,40,200,mf_CurrinExp,80
1132,0.3,40,200,mf_CurrinExp,80
1133,0.5,40,200,mf_CurrinExp,80
1134,0.1,45,200,mf_CurrinExp,80
1135,0.3,45,200,mf_CurrinExp,80
1136,0.5,45,200,mf_CurrinExp,80
1137,0.1,50,200,mf_CurrinExp,80
1138,0.3,50,200,mf_CurrinExp,80
1139,0.5,50,200,mf_CurrinExp,80
1140,0.1,5,200,mf_CurrinExp,90
1141,0.3,5,200,mf_CurrinExp,90
1142,0.5,5,200,mf_CurrinExp,90
1143,0.1,10,200,mf_CurrinExp,90
1144,0.3,10,200,mf_CurrinExp,90
1145,0.5,10,200,mf_CurrinExp,90
1146,0.1,15,200,mf_CurrinExp,90
1147,0.3,15,200,mf_CurrinExp,90
1148,0.5,15,200,mf_CurrinExp,90
1149,0.1,20,200,mf_CurrinExp,90
1150,0.3,20,200,mf_CurrinExp,90
1151,0.5,20,200,mf_CurrinExp,90
1152,0.1,25,200,mf_CurrinExp,90
1153,0.3,25,200,mf_CurrinExp,90
1154,0.5,25,200,mf_CurrinExp,90
1155,0.1,30,200,mf_CurrinExp,90
1156,0.3,30,200,mf_CurrinExp,90
1157,0.5,30,200,mf_CurrinExp,90
1158,0.1,35,200,mf_CurrinExp,90
1159,0.3,35,200,mf_CurrinExp,90
1160,0.5,35,200,mf_CurrinExp,90
1161,0.1,40,200,mf_CurrinExp,90
1162,0.3,40,200,mf_CurrinExp,90
1163,0.5,40,200,mf_CurrinExp,90
1164,0.1,45,200,mf_CurrinExp,90
1165,0.3,45,200,mf_CurrinExp,90
1166,0.5,45,200,mf_CurrinExp,90
1167,0.1,50,200,mf_CurrinExp,90
1168,0.3,50,200,mf_CurrinExp,90
1169,0.5,50,200,mf_CurrinExp,90
1170,0.1,5,200,mf_CurrinExp,100
1171,0.3,5,200,mf_CurrinExp,100
1172,0.5,5,200,mf_CurrinExp,100
1173,0.1,10,200,mf_CurrinExp,100
1174,0.3,10,200,mf_CurrinExp,100
1175,0.5,10,200,mf_CurrinExp,100
1176,0.1,15,200,mf_CurrinExp,100
1177,0.3,15,200,mf_CurrinExp,100
1178,0.5,15,200,mf_CurrinExp,100
1179,0.1,20,200,mf_CurrinExp,100
1180,0.3,20,200,mf_CurrinExp,100
1181,0.5,20,200,mf_CurrinExp,100
1182,0.1,25,200,mf_CurrinExp,100
1183,0.3,25,200,mf_CurrinExp,100
1184,0.5,25,200,mf_CurrinExp,100
1185,0.1,30,200,mf_CurrinExp,100
1186,0.3,30,200,mf_CurrinExp,100
1187,0.5,30,200,mf_CurrinExp,100
1188,0.1,35,200,mf_CurrinExp,100
1189,0.3,35,200,mf_CurrinExp,100
1190,0.5,35,200,mf_CurrinExp,100
1191,0.1,40,200,mf_CurrinExp,100
1192,0.3,40,200,mf_CurrinExp,100
1193,0.5,40,200,mf_CurrinExp,100
1194,0.1,45,200,mf_CurrinExp,100
1195,0.3,45,200,mf_CurrinExp,100
1196,0.5,45,200,mf_CurrinExp,100
1197,0.1,50,200,mf_CurrinExp,100
1198,0.3,50,200,mf_CurrinExp,100
1199,0.5,50,200,mf_CurrinExp,100
1200,0.1,5,200,mf_Hartman3,10
1201,0.3,5,200,mf_Hartman3,10
1202,0.5,5,200,mf_Hartman3,10
1203,0.1,10,200,mf_Hartman3,10
1204,0.3,10,200,mf_Hartman3,10
1205,0.5,10,200,mf_Hartman3,10
1206,0.1,15,200,mf_Hartman3,10
1207,0.3,15,200,mf_Hartman3,10
1208,0.5,15,200,mf_Hartman3,10
1209,0.1,20,200,mf_Hartman3,10
1210,0.3,20,200,mf_Hartman3,10
1211,0.5,20,200,mf_Hartman3,10
1212,0.1,25,200,mf_Hartman3,10
1213,0.3,25,200,mf_Hartman3,10
1214,0.5,25,200,mf_Hartman3,10
1215,0.1,30,200,mf_Hartman3,10
1216,0.3,30,200,mf_Hartman3,10
1217,0.5,30,200,mf_Hartman3,10
1218,0.1,35,200,mf_Hartman3,10
1219,0.3,35,200,mf_Hartman3,10
1220,0.5,35,200,mf_Hartman3,10
1221,0.1,40,200,mf_Hartman3,10
1222,0.3,40,200,mf_Hartman3,10
1223,0.5,40,200,mf_Hartman3,10
1224,0.1,45,200,mf_Hartman3,10
1225,0.3,45,200,mf_Hartman3,10
1226,0.5,45,200,mf_Hartman3,10
1227,0.1,50,200,mf_Hartman3,10
1228,0.3,50,200,mf_Hartman3,10
1229,0.5,50,200,mf_Hartman3,10
1230,0.1,5,200,mf_Hartman3,20
1231,0.3,5,200,mf_Hartman3,20
1232,0.5,5,200,mf_Hartman3,20
1233,0.1,10,200,mf_Hartman3,20
1234,0.3,10,200,mf_Hartman3,20
1235,0.5,10,200,mf_Hartman3,20
1236,0.1,15,200,mf_Hartman3,20
1237,0.3,15,200,mf_Hartman3,20
1238,0.5,15,200,mf_Hartman3,20
1239,0.1,20,200,mf_Hartman3,20
1240,0.3,20,200,mf_Hartman3,20
1241,0.5,20,200,mf_Hartman3,20
1242,0.1,25,200,mf_Hartman3,20
1243,0.3,25,200,mf_Hartman3,20
1244,0.5,25,200,mf_Hartman3,20
1245,0.1,30,200,mf_Hartman3,20
1246,0.3,30,200,mf_Hartman3,20
1247,0.5,30,200,mf_Hartman3,20
1248,0.1,35,200,mf_Hartman3,20
1249,0.3,35,200,mf_Hartman3,20
1250,0.5,35,200,mf_Hartman3,20
1251,0.1,40,200,mf_Hartman3,20
1252,0.3,40,200,mf_Hartman3,20
1253,0.5,40,200,mf_Hartman3,20
1254,0.1,45,200,mf_Hartman3,20
1255,0.3,45,200,mf_Hartman3,20
1256,0.5,45,200,mf_Hartman3,20
1257,0.1,50,200,mf_Hartman3,20
1258,0.3,50,200,mf_Hartman3,20
1259,0.5,50,200,mf_Hartman3,20
1260,0.1,5,200,mf_Hartman3,30
1261,0.3,5,200,mf_Hartman3,30
1262,0.5,5,200,mf_Hartman3,30
1263,0.1,10,200,mf_Hartman3,30
1264,0.3,10,200,mf_Hartman3,30
1265,0.5,10,200,mf_Hartman3,30
1266,0.1,15,200,mf_Hartman3,30
1267,0.3,15,200,mf_Hartman3,30
1268,0.5,15,200,mf_Hartman3,30
1269,0.1,20,200,mf_Hartman3,30
1270,0.3,20,200,mf_Hartman3,30
1271,0.5,20,200,mf_Hartman3,30
1272,0.1,25,200,mf_Hartman3,30
1273,0.3,25,200,mf_Hartman3,30
1274,0.5,25,200,mf_Hartman3,30
1275,0.1,30,200,mf_Hartman3,30
1276,0.3,30,200,mf_Hartman3,30
1277,0.5,30,200,mf_Hartman3,30
1278,0.1,35,200,mf_Hartman3,30
1279,0.3,35,200,mf_Hartman3,30
1280,0.5,35,200,mf_Hartman3,30
1281,0.1,40,200,mf_Hartman3,30
1282,0.3,40,200,mf_Hartman3,30
1283,0.5,40,200,mf_Hartman3,30
1284,0.1,45,200,mf_Hartman3,30
1285,0.3,45,200,mf_Hartman3,30
1286,0.5,45,200,mf_Hartman3,30
1287,0.1,50,200,mf_Hartman3,30
1288,0.3,50,200,mf_Hartman3,30
1289,0.5,50,200,mf_Hartman3,30
1290,0.1,5,200,mf_Hartman3,40
1291,0.3,5,200,mf_Hartman3,40
1292,0.5,5,200,mf_Hartman3,40
1293,0.1,10,200,mf_Hartman3,40
1294,0.3,10,200,mf_Hartman3,40
1295,0.5,10,200,mf_Hartman3,40
1296,0.1,15,200,mf_Hartman3,40
1297,0.3,15,200,mf_Hartman3,40
1298,0.5,15,200,mf_Hartman3,40
1299,0.1,20,200,mf_Hartman3,40
1300,0.3,20,200,mf_Hartman3,40
1301,0.5,20,200,mf_Hartman3,40
1302,0.1,25,200,mf_Hartman3,40
1303,0.3,25,200,mf_Hartman3,40
1304,0.5,25,200,mf_Hartman3,40
1305,0.1,30,200,mf_Hartman3,40
1306,0.3,30,200,mf_Hartman3,40
1307,0.5,30,200,mf_Hartman3,40
1308,0.1,35,200,mf_Hartman3,40
1309,0.3,35,200,mf_Hartman3,40
1310,0.5,35,200,mf_Hartman3,40
1311,0.1,40,200,mf_Hartman3,40
1312,0.3,40,200,mf_Hartman3,40
1313,0.5,40,200,mf_Hartman3,40
1314,0.1,45,200,mf_Hartman3,40
1315,0.3,45,200,mf_Hartman3,40
1316,0.5,45,200,mf_Hartman3,40
1317,0.1,50,200,mf_Hartman3,40
1318,0.3,50,200,mf_Hartman3,40
1319,0.5,50,200,mf_Hartman3,40
1320,0.1,5,200,mf_Hartman3,50
1321,0.3,5,200,mf_Hartman3,50
1322,0.5,5,200,mf_Hartman3,50
1323,0.1,10,200,mf_Hartman3,50
1324,0.3,10,200,mf_Hartman3,50
1325,0.5,10,200,mf_Hartman3,50
1326,0.1,15,200,mf_Hartman3,50
1327,0.3,15,200,mf_Hartman3,50
1328,0.5,15,200,mf_Hartman3,50
1329,0.1,20,200,mf_Hartman3,50
1330,0.3,20,200,mf_Hartman3,50
1331,0.5,20,200,mf_Hartman3,50
1332,0.1,25,200,mf_Hartman3,50
1333,0.3,25,200,mf_Hartman3,50
1334,0.5,25,200,mf_Hartman3,50
1335,0.1,30,200,mf_Hartman3,50
1336,0.3,30,200,mf_Hartman3,50
1337,0.5,30,200,mf_Hartman3,50
1338,0.1,35,200,mf_Hartman3,50
1339,0.3,35,200,mf_Hartman3,50
1340,0.5,35,200,mf_Hartman3,50
1341,0.1,40,200,mf_Hartman3,50
1342,0.3,40,200,mf_Hartman3,50
1343,0.5,40,200,mf_Hartman3,50
1344,0.1,45,200,mf_Hartman3,50
1345,0.3,45,200,mf_Hartman3,50
1346,0.5,45,200,mf_Hartman3,50
1347,0.1,50,200,mf_Hartman3,50
1348,0.3,50,200,mf_Hartman3,50
1349,0.5,50,200,mf_Hartman3,50
1350,0.1,5,200,mf_Hartman3,60
1351,0.3,5,200,mf_Hartman3,60
1352,0.5,5,200,mf_Hartman3,60
1353,0.1,10,200,mf_Hartman3,60
1354,0.3,10,200,mf_Hartman3,60
1355,0.5,10,200,mf_Hartman3,60
1356,0.1,15,200,mf_Hartman3,60
1357,0.3,15,200,mf_Hartman3,60
1358,0.5,15,200,mf_Hartman3,60
1359,0.1,20,200,mf_Hartman3,60
1360,0.3,20,200,mf_Hartman3,60
1361,0.5,20,200,mf_Hartman3,60
1362,0.1,25,200,mf_Hartman3,60
1363,0.3,25,200,mf_Hartman3,60
1364,0.5,25,200,mf_Hartman3,60
1365,0.1,30,200,mf_Hartman3,60
1366,0.3,30,200,mf_Hartman3,60
1367,0.5,30,200,mf_Hartman3,60
1368,0.1,35,200,mf_Hartman3,60
1369,0.3,35,200,mf_Hartman3,60
1370,0.5,35,200,mf_Hartman3,60
1371,0.1,40,200,mf_Hartman3,60
1372,0.3,40,200,mf_Hartman3,60
1373,0.5,40,200,mf_Hartman3,60
1374,0.1,45,200,mf_Hartman3,60
1375,0.3,45,200,mf_Hartman3,60
1376,0.5,45,200,mf_Hartman3,60
1377,0.1,50,200,mf_Hartman3,60
1378,0.3,50,200,mf_Hartman3,60
1379,0.5,50,200,mf_Hartman3,60
1380,0.1,5,200,mf_Hartman3,70
1381,0.3,5,200,mf_Hartman3,70
1382,0.5,5,200,mf_Hartman3,70
1383,0.1,10,200,mf_Hartman3,70
1384,0.3,10,200,mf_Hartman3,70
1385,0.5,10,200,mf_Hartman3,70
1386,0.1,15,200,mf_Hartman3,70
1387,0.3,15,200,mf_Hartman3,70
1388,0.5,15,200,mf_Hartman3,70
1389,0.1,20,200,mf_Hartman3,70
1390,0.3,20,200,mf_Hartman3,70
1391,0.5,20,200,mf_Hartman3,70
1392,0.1,25,200,mf_Hartman3,70
1393,0.3,25,200,mf_Hartman3,70
1394,0.5,25,200,mf_Hartman3,70
1395,0.1,30,200,mf_Hartman3,70
1396,0.3,30,200,mf_Hartman3,70
1397,0.5,30,200,mf_Hartman3,70
1398,0.1,35,200,mf_Hartman3,70
1399,0.3,35,200,mf_Hartman3,70
1400,0.5,35,200,mf_Hartman3,70
1401,0.1,40,200,mf_Hartman3,70
1402,0.3,40,200,mf_Hartman3,70
1403,0.5,40,200,mf_Hartman3,70
1404,0.1,45,200,mf_Hartman3,70
1405,0.3,45,200,mf_Hartman3,70
1406,0.5,45,200,mf_Hartman3,70
1407,0.1,50,200,mf_Hartman3,70
1408,0.3,50,200,mf_Hartman3,70
1409,0.5,50,200,mf_Hartman3,70
1410,0.1,5,200,mf_Hartman3,80
1411,0.3,5,200,mf_Hartman3,80
1412,0.5,5,200,mf_Hartman3,80
1413,0.1,10,200,mf_Hartman3,80
1414,0.3,10,200,mf_Hartman3,80
1415,0.5,10,200,mf_Hartman3,80
1416,0.1,15,200,mf_Hartman3,80
1417,0.3,15,200,mf_Hartman3,80
1418,0.5,15,200,mf_Hartman3,80
1419,0.1,20,200,mf_Hartman3,80
1420,0.3,20,200,mf_Hartman3,80
1421,0.5,20,200,mf_Hartman3,80
1422,0.1,25,200,mf_Hartman3,80
1423,0.3,25,200,mf_Hartman3,80
1424,0.5,25,200,mf_Hartman3,80
1425,0.1,30,200,mf_Hartman3,80
1426,0.3,30,200,mf_Hartman3,80
1427,0.5,30,200,mf_Hartman3,80
1428,0.1,35,200,mf_Hartman3,80
1429,0.3,35,200,mf_Hartman3,80
1430,0.5,35,200,mf_Hartman3,80
1431,0.1,40,200,mf_Hartman3,80
1432,0.3,40,200,mf_Hartman3,80
1433,0.5,40,200,mf_Hartman3,80
1434,0.1,45,200,mf_Hartman3,80
1435,0.3,45,200,mf_Hartman3,80
1436,0.5,45,200,mf_Hartman3,80
1437,0.1,50,200,mf_Hartman3,80
1438,0.3,50,200,mf_Hartman3,80
1439,0.5,50,200,mf_Hartman3,80
1440,0.1,5,200,mf_Hartman3,90
1441,0.3,5,200,mf_Hartman3,90
1442,0.5,5,200,mf_Hartman3,90
1443,0.1,10,200,mf_Hartman3,90
1444,0.3,10,200,mf_Hartman3,90
1445,0.5,10,200,mf_Hartman3,90
1446,0.1,15,200,mf_Hartman3,90
1447,0.3,15,200,mf_Hartman3,90
1448,0.5,15,200,mf_Hartman3,90
1449,0.1,20,200,mf_Hartman3,90
1450,0.3,20,200,mf_Hartman3,90
1451,0.5,20,200,mf_Hartman3,90
1452,0.1,25,200,mf_Hartman3,90
1453,0.3,25,200,mf_Hartman3,90
1454,0.5,25,200,mf_Hartman3,90
1455,0.1,30,200,mf_Hartman3,90
1456,0.3,30,200,mf_Hartman3,90
1457,0.5,30,200,mf_Hartman3,90
1458,0.1,35,200,mf_Hartman3,90
1459,0.3,35,200,mf_Hartman3,90
1460,0.5,35,200,mf_Hartman3,90
1461,0.1,40,200,mf_Hartman3,90
1462,0.3,40,200,mf_Hartman3,90
1463,0.5,40,200,mf_Hartman3,90
1464,0.1,45,200,mf_Hartman3,90
1465,0.3,45,200,mf_Hartman3,90
1466,0.5,45,200,mf_Hartman3,90
1467,0.1,50,200,mf_Hartman3,90
1468,0.3,50,200,mf_Hartman3,90
1469,0.5,50,200,mf_Hartman3,90
1470,0.1,5,200,mf_Hartman3,100
1471,0.3,5,200,mf_Hartman3,100
1472,0.5,5,200,mf_Hartman3,100
1473,0.1,10,200,mf_Hartman3,100
1474,0.3,10,200,mf_Hartman3,100
1475,0.5,10,200,mf_Hartman3,100
1476,0.1,15,200,mf_Hartman3,100
1477,0.3,15,200,mf_Hartman3,100
1478,0.5,15,200,mf_Hartman3,100
1479,0.1,20,200,mf_Hartman3,100
1480,0.3,20,200,mf_Hartman3,100
1481,0.5,20,200,mf_Hartman3,100
1482,0.1,25,200,mf_Hartman3,100
1483,0.3,25,200,mf_Hartman3,100
1484,0.5,25,200,mf_Hartman3,100
1485,0.1,30,200,mf_Hartman3,100
1486,0.3,30,200,mf_Hartman3,100
1487,0.5,30,200,mf_Hartman3,100
1488,0.1,35,200,mf_Hartman3,100
1489,0.3,35,200,mf_Hartman3,100
1490,0.5,35,200,mf_Hartman3,100
1491,0.1,40,200,mf_Hartman3,100
1492,0.3,40,200,mf_Hartman3,100
1493,0.5,40,200,mf_Hartman3,100
1494,0.1,45,200,mf_Hartman3,100
1495,0.3,45,200,mf_Hartman3,100
1496,0.5,45,200,mf_Hartman3,100
1497,0.1,50,200,mf_Hartman3,100
1498,0.3,50,200,mf_Hartman3,100
1499,0.5,50,200,mf_Hartman3,100
1500,0.1,5,200,mf_Hartman6,10
1501,0.3,5,200,mf_Hartman6,10
1502,0.5,5,200,mf_Hartman6,10
1503,0.1,10,200,mf_Hartman6,10
1504,0.3,10,200,mf_Hartman6,10
1505,0.5,10,200,mf_Hartman6,10
1506,0.1,15,200,mf_Hartman6,10
1507,0.3,15,200,mf_Hartman6,10
1508,0.5,15,200,mf_Hartman6,10
1509,0.1,20,200,mf_Hartman6,10
1510,0.3,20,200,mf_Hartman6,10
1511,0.5,20,200,mf_Hartman6,10
1512,0.1,25,200,mf_Hartman6,10
1513,0.3,25,200,mf_Hartman6,10
1514,0.5,25,200,mf_Hartman6,10
1515,0.1,30,200,mf_Hartman6,10
1516,0.3,30,200,mf_Hartman6,10
1517,0.5,30,200,mf_Hartman6,10
1518,0.1,35,200,mf_Hartman6,10
1519,0.3,35,200,mf_Hartman6,10
1520,0.5,35,200,mf_Hartman6,10
1521,0.1,40,200,mf_Hartman6,10
1522,0.3,40,200,mf_Hartman6,10
1523,0.5,40,200,mf_Hartman6,10
1524,0.1,45,200,mf_Hartman6,10
1525,0.3,45,200,mf_Hartman6,10
1526,0.5,45,200,mf_Hartman6,10
1527,0.1,50,200,mf_Hartman6,10
1528,0.3,50,200,mf_Hartman6,10
1529,0.5,50,200,mf_Hartman6,10
1530,0.1,5,200,mf_Hartman6,20
1531,0.3,5,200,mf_Hartman6,20
1532,0.5,5,200,mf_Hartman6,20
1533,0.1,10,200,mf_Hartman6,20
1534,0.3,10,200,mf_Hartman6,20
1535,0.5,10,200,mf_Hartman6,20
1536,0.1,15,200,mf_Hartman6,20
1537,0.3,15,200,mf_Hartman6,20
1538,0.5,15,200,mf_Hartman6,20
1539,0.1,20,200,mf_Hartman6,20
1540,0.3,20,200,mf_Hartman6,20
1541,0.5,20,200,mf_Hartman6,20
1542,0.1,25,200,mf_Hartman6,20
1543,0.3,25,200,mf_Hartman6,20
1544,0.5,25,200,mf_Hartman6,20
1545,0.1,30,200,mf_Hartman6,20
1546,0.3,30,200,mf_Hartman6,20
1547,0.5,30,200,mf_Hartman6,20
1548,0.1,35,200,mf_Hartman6,20
1549,0.3,35,200,mf_Hartman6,20
1550,0.5,35,200,mf_Hartman6,20
1551,0.1,40,200,mf_Hartman6,20
1552,0.3,40,200,mf_Hartman6,20
1553,0.5,40,200,mf_Hartman6,20
1554,0.1,45,200,mf_Hartman6,20
1555,0.3,45,200,mf_Hartman6,20
1556,0.5,45,200,mf_Hartman6,20
1557,0.1,50,200,mf_Hartman6,20
1558,0.3,50,200,mf_Hartman6,20
1559,0.5,50,200,mf_Hartman6,20
1560,0.1,5,200,mf_Hartman6,30
1561,0.3,5,200,mf_Hartman6,30
1562,0.5,5,200,mf_Hartman6,30
1563,0.1,10,200,mf_Hartman6,30
1564,0.3,10,200,mf_Hartman6,30
1565,0.5,10,200,mf_Hartman6,30
1566,0.1,15,200,mf_Hartman6,30
1567,0.3,15,200,mf_Hartman6,30
1568,0.5,15,200,mf_Hartman6,30
1569,0.1,20,200,mf_Hartman6,30
1570,0.3,20,200,mf_Hartman6,30
1571,0.5,20,200,mf_Hartman6,30
1572,0.1,25,200,mf_Hartman6,30
1573,0.3,25,200,mf_Hartman6,30
1574,0.5,25,200,mf_Hartman6,30
1575,0.1,30,200,mf_Hartman6,30
1576,0.3,30,200,mf_Hartman6,30
1577,0.5,30,200,mf_Hartman6,30
1578,0.1,35,200,mf_Hartman6,30
1579,0.3,35,200,mf_Hartman6,30
1580,0.5,35,200,mf_Hartman6,30
1581,0.1,40,200,mf_Hartman6,30
1582,0.3,40,200,mf_Hartman6,30
1583,0.5,40,200,mf_Hartman6,30
1584,0.1,45,200,mf_Hartman6,30
1585,0.3,45,200,mf_Hartman6,30
1586,0.5,45,200,mf_Hartman6,30
1587,0.1,50,200,mf_Hartman6,30
1588,0.3,50,200,mf_Hartman6,30
1589,0.5,50,200,mf_Hartman6,30
1590,0.1,5,200,mf_Hartman6,40
1591,0.3,5,200,mf_Hartman6,40
1592,0.5,5,200,mf_Hartman6,40
1593,0.1,10,200,mf_Hartman6,40
1594,0.3,10,200,mf_Hartman6,40
1595,0.5,10,200,mf_Hartman6,40
1596,0.1,15,200,mf_Hartman6,40
1597,0.3,15,200,mf_Hartman6,40
1598,0.5,15,200,mf_Hartman6,40
1599,0.1,20,200,mf_Hartman6,40
1600,0.3,20,200,mf_Hartman6,40
1601,0.5,20,200,mf_Hartman6,40
1602,0.1,25,200,mf_Hartman6,40
1603,0.3,25,200,mf_Hartman6,40
1604,0.5,25,200,mf_Hartman6,40
1605,0.1,30,200,mf_Hartman6,40
1606,0.3,30,200,mf_Hartman6,40
1607,0.5,30,200,mf_Hartman6,40
1608,0.1,35,200,mf_Hartman6,40
1609,0.3,35,200,mf_Hartman6,40
1610,0.5,35,200,mf_Hartman6,40
1611,0.1,40,200,mf_Hartman6,40
1612,0.3,40,200,mf_Hartman6,40
1613,0.5,40,200,mf_Hartman6,40
1614,0.1,45,200,mf_Hartman6,40
1615,0.3,45,200,mf_Hartman6,40
1616,0.5,45,200,mf_Hartman6,40
1617,0.1,50,200,mf_Hartman6,40
1618,0.3,50,200,mf_Hartman6,40
1619,0.5,50,200,mf_Hartman6,40
1620,0.1,5,200,mf_Hartman6,50
1621,0.3,5,200,mf_Hartman6,50
1622,0.5,5,200,mf_Hartman6,50
1623,0.1,10,200,mf_Hartman6,50
1624,0.3,10,200,mf_Hartman6,50
1625,0.5,10,200,mf_Hartman6,50
1626,0.1,15,200,mf_Hartman6,50
1627,0.3,15,200,mf_Hartman6,50
1628,0.5,15,200,mf_Hartman6,50
1629,0.1,20,200,mf_Hartman6,50
1630,0.3,20,200,mf_Hartman6,50
1631,0.5,20,200,mf_Hartman6,50
1632,0.1,25,200,mf_Hartman6,50
1633,0.3,25,200,mf_Hartman6,50
1634,0.5,25,200,mf_Hartman6,50
1635,0.1,30,200,mf_Hartman6,50
1636,0.3,30,200,mf_Hartman6,50
1637,0.5,30,200,mf_Hartman6,50
1638,0.1,35,200,mf_Hartman6,50
1639,0.3,35,200,mf_Hartman6,50
1640,0.5,35,200,mf_Hartman6,50
1641,0.1,40,200,mf_Hartman6,50
1642,0.3,40,200,mf_Hartman6,50
1643,0.5,40,200,mf_Hartman6,50
1644,0.1,45,200,mf_Hartman6,50
1645,0.3,45,200,mf_Hartman6,50
1646,0.5,45,200,mf_Hartman6,50
1647,0.1,50,200,mf_Hartman6,50
1648,0.3,50,200,mf_Hartman6,50
1649,0.5,50,200,mf_Hartman6,50
1650,0.1,5,200,mf_Hartman6,60
1651,0.3,5,200,mf_Hartman6,60
1652,0.5,5,200,mf_Hartman6,60
1653,0.1,10,200,mf_Hartman6,60
1654,0.3,10,200,mf_Hartman6,60
1655,0.5,10,200,mf_Hartman6,60
1656,0.1,15,200,mf_Hartman6,60
1657,0.3,15,200,mf_Hartman6,60
1658,0.5,15,200,mf_Hartman6,60
1659,0.1,20,200,mf_Hartman6,60
1660,0.3,20,200,mf_Hartman6,60
1661,0.5,20,200,mf_Hartman6,60
1662,0.1,25,200,mf_Hartman6,60
1663,0.3,25,200,mf_Hartman6,60
1664,0.5,25,200,mf_Hartman6,60
1665,0.1,30,200,mf_Hartman6,60
1666,0.3,30,200,mf_Hartman6,60
1667,0.5,30,200,mf_Hartman6,60
1668,0.1,35,200,mf_Hartman6,60
1669,0.3,35,200,mf_Hartman6,60
1670,0.5,35,200,mf_Hartman6,60
1671,0.1,40,200,mf_Hartman6,60
1672,0.3,40,200,mf_Hartman6,60
1673,0.5,40,200,mf_Hartman6,60
1674,0.1,45,200,mf_Hartman6,60
1675,0.3,45,200,mf_Hartman6,60
1676,0.5,45,200,mf_Hartman6,60
1677,0.1,50,200,mf_Hartman6,60
1678,0.3,50,200,mf_Hartman6,60
1679,0.5,50,200,mf_Hartman6,60
1680,0.1,5,200,mf_Hartman6,70
1681,0.3,5,200,mf_Hartman6,70
1682,0.5,5,200,mf_Hartman6,70
1683,0.1,10,200,mf_Hartman6,70
1684,0.3,10,200,mf_Hartman6,70
1685,0.5,10,200,mf_Hartman6,70
1686,0.1,15,200,mf_Hartman6,70
1687,0.3,15,200,mf_Hartman6,70
1688,0.5,15,200,mf_Hartman6,70
1689,0.1,20,200,mf_Hartman6,70
1690,0.3,20,200,mf_Hartman6,70
1691,0.5,20,200,mf_Hartman6,70
1692,0.1,25,200,mf_Hartman6,70
1693,0.3,25,200,mf_Hartman6,70
1694,0.5,25,200,mf_Hartman6,70
1695,0.1,30,200,mf_Hartman6,70
1696,0.3,30,200,mf_Hartman6,70
1697,0.5,30,200,mf_Hartman6,70
1698,0.1,35,200,mf_Hartman6,70
1699,0.3,35,200,mf_Hartman6,70
1700,0.5,35,200,mf_Hartman6,70
1701,0.1,40,200,mf_Hartman6,70
1702,0.3,40,200,mf_Hartman6,70
1703,0.5,40,200,mf_Hartman6,70
1704,0.1,45,200,mf_Hartman6,70
1705,0.3,45,200,mf_Hartman6,70
1706,0.5,45,200,mf_Hartman6,70
1707,0.1,50,200,mf_Hartman6,70
1708,0.3,50,200,mf_Hartman6,70
1709,0.5,50,200,mf_Hartman6,70
1710,0.1,5,200,mf_Hartman6,80
1711,0.3,5,200,mf_Hartman6,80
1712,0.5,5,200,mf_Hartman6,80
1713,0.1,10,200,mf_Hartman6,80
1714,0.3,10,200,mf_Hartman6,80
1715,0.5,10,200,mf_Hartman6,80
1716,0.1,15,200,mf_Hartman6,80
1717,0.3,15,200,mf_Hartman6,80
1718,0.5,15,200,mf_Hartman6,80
1719,0.1,20,200,mf_Hartman6,80
1720,0.3,20,200,mf_Hartman6,80
1721,0.5,20,200,mf_Hartman6,80
1722,0.1,25,200,mf_Hartman6,80
1723,0.3,25,200,mf_Hartman6,80
1724,0.5,25,200,mf_Hartman6,80
1725,0.1,30,200,mf_Hartman6,80
1726,0.3,30,200,mf_Hartman6,80
1727,0.5,30,200,mf_Hartman6,80
1728,0.1,35,200,mf_Hartman6,80
1729,0.3,35,200,mf_Hartman6,80
1730,0.5,35,200,mf_Hartman6,80
1731,0.1,40,200,mf_Hartman6,80
1732,0.3,40,200,mf_Hartman6,80
1733,0.5,40,200,mf_Hartman6,80
1734,0.1,45,200,mf_Hartman6,80
1735,0.3,45,200,mf_Hartman6,80
1736,0.5,45,200,mf_Hartman6,80
1737,0.1,50,200,mf_Hartman6,80
1738,0.3,50,200,mf_Hartman6,80
1739,0.5,50,200,mf_Hartman6,80
1740,0.1,5,200,mf_Hartman6,90
1741,0.3,5,200,mf_Hartman6,90
1742,0.5,5,200,mf_Hartman6,90
1743,0.1,10,200,mf_Hartman6,90
1744,0.3,10,200,mf_Hartman6,90
1745,0.5,10,200,mf_Hartman6,90
1746,0.1,15,200,mf_Hartman6,90
1747,0.3,15,200,mf_Hartman6,90
1748,0.5,15,200,mf_Hartman6,90
1749,0.1,20,200,mf_Hartman6,90
1750,0.3,20,200,mf_Hartman6,90
1751,0.5,20,200,mf_Hartman6,90
1752,0.1,25,200,mf_Hartman6,90
1753,0.3,25,200,mf_Hartman6,90
1754,0.5,25,200,mf_Hartman6,90
1755,0.1,30,200,mf_Hartman6,90
1756,0.3,30,200,mf_Hartman6,90
1757,0.5,30,200,mf_Hartman6,90
1758,0.1,35,200,mf_Hartman6,90
1759,0.3,35,200,mf_Hartman6,90
1760,0.5,35,200,mf_Hartman6,90
1761,0.1,40,200,mf_Hartman6,90
1762,0.3,40,200,mf_Hartman6,90
1763,0.5,40,200,mf_Hartman6,90
1764,0.1,45,200,mf_Hartman6,90
1765,0.3,45,200,mf_Hartman6,90
1766,0.5,45,200,mf_Hartman6,90
1767,0.1,50,200,mf_Hartman6,90
1768,0.3,50,200,mf_Hartman6,90
1769,0.5,50,200,mf_Hartman6,90
1770,0.1,5,200,mf_Hartman6,100
1771,0.3,5,200,mf_Hartman6,100
1772,0.5,5,200,mf_Hartman6,100
1773,0.1,10,200,mf_Hartman6,100
1774,0.3,10,200,mf_Hartman6,100
1775,0.5,10,200,mf_Hartman6,100
1776,0.1,15,200,mf_Hartman6,100
1777,0.3,15,200,mf_Hartman6,100
1778,0.5,15,200,mf_Hartman6,100
1779,0.1,20,200,mf_Hartman6,100
1780,0.3,20,200,mf_Hartman6,100
1781,0.5,20,200,mf_Hartman6,100
1782,0.1,25,200,mf_Hartman6,100
1783,0.3,25,200,mf_Hartman6,100
1784,0.5,25,200,mf_Hartman6,100
1785,0.1,30,200,mf_Hartman6,100
1786,0.3,30,200,mf_Hartman6,100
1787,0.5,30,200,mf_Hartman6,100
1788,0.1,35,200,mf_Hartman6,100
1789,0.3,35,200,mf_Hartman6,100
1790,0.5,35,200,mf_Hartman6,100
1791,0.1,40,200,mf_Hartman6,100
1792,0.3,40,200,mf_Hartman6,100
1793,0.5,40,200,mf_Hartman6,100
1794,0.1,45,200,mf_Hartman6,100
1795,0.3,45,200,mf_Hartman6,100
1796,0.5,45,200,mf_Hartman6,100
1797,0.1,50,200,mf_Hartman6,100
1798,0.3,50,200,mf_Hartman6,100
1799,0.5,50,200,mf_Hartman6,100
1800,0.1,5,200,mf_Himmelblau,10
1801,0.3,5,200,mf_Himmelblau,10
1802,0.5,5,200,mf_Himmelblau,10
1803,0.1,10,200,mf_Himmelblau,10
1804,0.3,10,200,mf_Himmelblau,10
1805,0.5,10,200,mf_Himmelblau,10
1806,0.1,15,200,mf_Himmelblau,10
1807,0.3,15,200,mf_Himmelblau,10
1808,0.5,15,200,mf_Himmelblau,10
1809,0.1,20,200,mf_Himmelblau,10
1810,0.3,20,200,mf_Himmelblau,10
1811,0.5,20,200,mf_Himmelblau,10
1812,0.1,25,200,mf_Himmelblau,10
1813,0.3,25,200,mf_Himmelblau,10
1814,0.5,25,200,mf_Himmelblau,10
1815,0.1,30,200,mf_Himmelblau,10
1816,0.3,30,200,mf_Himmelblau,10
1817,0.5,30,200,mf_Himmelblau,10
1818,0.1,35,200,mf_Himmelblau,10
1819,0.3,35,200,mf_Himmelblau,10
1820,0.5,35,200,mf_Himmelblau,10
1821,0.1,40,200,mf_Himmelblau,10
1822,0.3,40,200,mf_Himmelblau,10
1823,0.5,40,200,mf_Himmelblau,10
1824,0.1,45,200,mf_Himmelblau,10
1825,0.3,45,200,mf_Himmelblau,10
1826,0.5,45,200,mf_Himmelblau,10
1827,0.1,50,200,mf_Himmelblau,10
1828,0.3,50,200,mf_Himmelblau,10
1829,0.5,50,200,mf_Himmelblau,10
1830,0.1,5,200,mf_Himmelblau,20
1831,0.3,5,200,mf_Himmelblau,20
1832,0.5,5,200,mf_Himmelblau,20
1833,0.1,10,200,mf_Himmelblau,20
1834,0.3,10,200,mf_Himmelblau,20
1835,0.5,10,200,mf_Himmelblau,20
1836,0.1,15,200,mf_Himmelblau,20
1837,0.3,15,200,mf_Himmelblau,20
1838,0.5,15,200,mf_Himmelblau,20
1839,0.1,20,200,mf_Himmelblau,20
1840,0.3,20,200,mf_Himmelblau,20
1841,0.5,20,200,mf_Himmelblau,20
1842,0.1,25,200,mf_Himmelblau,20
1843,0.3,25,200,mf_Himmelblau,20
1844,0.5,25,200,mf_Himmelblau,20
1845,0.1,30,200,mf_Himmelblau,20
1846,0.3,30,200,mf_Himmelblau,20
1847,0.5,30,200,mf_Himmelblau,20
1848,0.1,35,200,mf_Himmelblau,20
1849,0.3,35,200,mf_Himmelblau,20
1850,0.5,35,200,mf_Himmelblau,20
1851,0.1,40,200,mf_Himmelblau,20
1852,0.3,40,200,mf_Himmelblau,20
1853,0.5,40,200,mf_Himmelblau,20
1854,0.1,45,200,mf_Himmelblau,20
1855,0.3,45,200,mf_Himmelblau,20
1856,0.5,45,200,mf_Himmelblau,20
1857,0.1,50,200,mf_Himmelblau,20
1858,0.3,50,200,mf_Himmelblau,20
1859,0.5,50,200,mf_Himmelblau,20
1860,0.1,5,200,mf_Himmelblau,30
1861,0.3,5,200,mf_Himmelblau,30
1862,0.5,5,200,mf_Himmelblau,30
1863,0.1,10,200,mf_Himmelblau,30
1864,0.3,10,200,mf_Himmelblau,30
1865,0.5,10,200,mf_Himmelblau,30
1866,0.1,15,200,mf_Himmelblau,30
1867,0.3,15,200,mf_Himmelblau,30
1868,0.5,15,200,mf_Himmelblau,30
1869,0.1,20,200,mf_Himmelblau,30
1870,0.3,20,200,mf_Himmelblau,30
1871,0.5,20,200,mf_Himmelblau,30
1872,0.1,25,200,mf_Himmelblau,30
1873,0.3,25,200,mf_Himmelblau,30
1874,0.5,25,200,mf_Himmelblau,30
1875,0.1,30,200,mf_Himmelblau,30
1876,0.3,30,200,mf_Himmelblau,30
1877,0.5,30,200,mf_Himmelblau,30
1878,0.1,35,200,mf_Himmelblau,30
1879,0.3,35,200,mf_Himmelblau,30
1880,0.5,35,200,mf_Himmelblau,30
1881,0.1,40,200,mf_Himmelblau,30
1882,0.3,40,200,mf_Himmelblau,30
1883,0.5,40,200,mf_Himmelblau,30
1884,0.1,45,200,mf_Himmelblau,30
1885,0.3,45,200,mf_Himmelblau,30
1886,0.5,45,200,mf_Himmelblau,30
1887,0.1,50,200,mf_Himmelblau,30
1888,0.3,50,200,mf_Himmelblau,30
1889,0.5,50,200,mf_Himmelblau,30
1890,0.1,5,200,mf_Himmelblau,40
1891,0.3,5,200,mf_Himmelblau,40
1892,0.5,5,200,mf_Himmelblau,40
1893,0.1,10,200,mf_Himmelblau,40
1894,0.3,10,200,mf_Himmelblau,40
1895,0.5,10,200,mf_Himmelblau,40
1896,0.1,15,200,mf_Himmelblau,40
1897,0.3,15,200,mf_Himmelblau,40
1898,0.5,15,200,mf_Himmelblau,40
1899,0.1,20,200,mf_Himmelblau,40
1900,0.3,20,200,mf_Himmelblau,40
1901,0.5,20,200,mf_Himmelblau,40
1902,0.1,25,200,mf_Himmelblau,40
1903,0.3,25,200,mf_Himmelblau,40
1904,0.5,25,200,mf_Himmelblau,40
1905,0.1,30,200,mf_Himmelblau,40
1906,0.3,30,200,mf_Himmelblau,40
1907,0.5,30,200,mf_Himmelblau,40
1908,0.1,35,200,mf_Himmelblau,40
1909,0.3,35,200,mf_Himmelblau,40
1910,0.5,35,200,mf_Himmelblau,40
1911,0.1,40,200,mf_Himmelblau,40
1912,0.3,40,200,mf_Himmelblau,40
1913,0.5,40,200,mf_Himmelblau,40
1914,0.1,45,200,mf_Himmelblau,40
1915,0.3,45,200,mf_Himmelblau,40
1916,0.5,45,200,mf_Himmelblau,40
1917,0.1,50,200,mf_Himmelblau,40
1918,0.3,50,200,mf_Himmelblau,40
1919,0.5,50,200,mf_Himmelblau,40
1920,0.1,5,200,mf_Himmelblau,50
1921,0.3,5,200,mf_Himmelblau,50
1922,0.5,5,200,mf_Himmelblau,50
1923,0.1,10,200,mf_Himmelblau,50
1924,0.3,10,200,mf_Himmelblau,50
1925,0.5,10,200,mf_Himmelblau,50
1926,0.1,15,200,mf_Himmelblau,50
1927,0.3,15,200,mf_Himmelblau,50
1928,0.5,15,200,mf_Himmelblau,50
1929,0.1,20,200,mf_Himmelblau,50
1930,0.3,20,200,mf_Himmelblau,50
1931,0.5,20,200,mf_Himmelblau,50
1932,0.1,25,200,mf_Himmelblau,50
1933,0.3,25,200,mf_Himmelblau,50
1934,0.5,25,200,mf_Himmelblau,50
1935,0.1,30,200,mf_Himmelblau,50
1936,0.3,30,200,mf_Himmelblau,50
1937,0.5,30,200,mf_Himmelblau,50
1938,0.1,35,200,mf_Himmelblau,50
1939,0.3,35,200,mf_Himmelblau,50
1940,0.5,35,200,mf_Himmelblau,50
1941,0.1,40,200,mf_Himmelblau,50
1942,0.3,40,200,mf_Himmelblau,50
1943,0.5,40,200,mf_Himmelblau,50
1944,0.1,45,200,mf_Himmelblau,50
1945,0.3,45,200,mf_Himmelblau,50
1946,0.5,45,200,mf_Himmelblau,50
1947,0.1,50,200,mf_Himmelblau,50
1948,0.3,50,200,mf_Himmelblau,50
1949,0.5,50,200,mf_Himmelblau,50
1950,0.1,5,200,mf_Himmelblau,60
1951,0.3,5,200,mf_Himmelblau,60
1952,0.5,5,200,mf_Himmelblau,60
1953,0.1,10,200,mf_Himmelblau,60
1954,0.3,10,200,mf_Himmelblau,60
1955,0.5,10,200,mf_Himmelblau,60
1956,0.1,15,200,mf_Himmelblau,60
1957,0.3,15,200,mf_Himmelblau,60
1958,0.5,15,200,mf_Himmelblau,60
1959,0.1,20,200,mf_Himmelblau,60
1960,0.3,20,200,mf_Himmelblau,60
1961,0.5,20,200,mf_Himmelblau,60
1962,0.1,25,200,mf_Himmelblau,60
1963,0.3,25,200,mf_Himmelblau,60
1964,0.5,25,200,mf_Himmelblau,60
1965,0.1,30,200,mf_Himmelblau,60
1966,0.3,30,200,mf_Himmelblau,60
1967,0.5,30,200,mf_Himmelblau,60
1968,0.1,35,200,mf_Himmelblau,60
1969,0.3,35,200,mf_Himmelblau,60
1970,0.5,35,200,mf_Himmelblau,60
1971,0.1,40,200,mf_Himmelblau,60
1972,0.3,40,200,mf_Himmelblau,60
1973,0.5,40,200,mf_Himmelblau,60
1974,0.1,45,200,mf_Himmelblau,60
1975,0.3,45,200,mf_Himmelblau,60
1976,0.5,45,200,mf_Himmelblau,60
1977,0.1,50,200,mf_Himmelblau,60
1978,0.3,50,200,mf_Himmelblau,60
1979,0.5,50,200,mf_Himmelblau,60
1980,0.1,5,200,mf_Himmelblau,70
1981,0.3,5,200,mf_Himmelblau,70
1982,0.5,5,200,mf_Himmelblau,70
1983,0.1,10,200,mf_Himmelblau,70
1984,0.3,10,200,mf_Himmelblau,70
1985,0.5,10,200,mf_Himmelblau,70
1986,0.1,15,200,mf_Himmelblau,70
1987,0.3,15,200,mf_Himmelblau,70
1988,0.5,15,200,mf_Himmelblau,70
1989,0.1,20,200,mf_Himmelblau,70
1990,0.3,20,200,mf_Himmelblau,70
1991,0.5,20,200,mf_Himmelblau,70
1992,0.1,25,200,mf_Himmelblau,70
1993,0.3,25,200,mf_Himmelblau,70
1994,0.5,25,200,mf_Himmelblau,70
1995,0.1,30,200,mf_Himmelblau,70
1996,0.3,30,200,mf_Himmelblau,70
1997,0.5,30,200,mf_Himmelblau,70
1998,0.1,35,200,mf_Himmelblau,70
1999,0.3,35,200,mf_Himmelblau,70
2000,0.5,35,200,mf_Himmelblau,70
2001,0.1,40,200,mf_Himmelblau,70
2002,0.3,40,200,mf_Himmelblau,70
2003,0.5,40,200,mf_Himmelblau,70
2004,0.1,45,200,mf_Himmelblau,70
2005,0.3,45,200,mf_Himmelblau,70
2006,0.5,45,200,mf_Himmelblau,70
2007,0.1,50,200,mf_Himmelblau,70
2008,0.3,50,200,mf_Himmelblau,70
2009,0.5,50,200,mf_Himmelblau,70
2010,0.1,5,200,mf_Himmelblau,80
2011,0.3,5,200,mf_Himmelblau,80
2012,0.5,5,200,mf_Himmelblau,80
2013,0.1,10,200,mf_Himmelblau,80
2014,0.3,10,200,mf_Himmelblau,80
2015,0.5,10,200,mf_Himmelblau,80
2016,0.1,15,200,mf_Himmelblau,80
2017,0.3,15,200,mf_Himmelblau,80
2018,0.5,15,200,mf_Himmelblau,80
2019,0.1,20,200,mf_Himmelblau,80
2020,0.3,20,200,mf_Himmelblau,80
2021,0.5,20,200,mf_Himmelblau,80
2022,0.1,25,200,mf_Himmelblau,80
2023,0.3,25,200,mf_Himmelblau,80
2024,0.5,25,200,mf_Himmelblau,80
2025,0.1,30,200,mf_Himmelblau,80
2026,0.3,30,200,mf_Himmelblau,80
2027,0.5,30,200,mf_Himmelblau,80
2028,0.1,35,200,mf_Himmelblau,80
2029,0.3,35,200,mf_Himmelblau,80
2030,0.5,35,200,mf_Himmelblau,80
2031,0.1,40,200,mf_Himmelblau,80
2032,0.3,40,200,mf_Himmelblau,80
2033,0.5,40,200,mf_Himmelblau,80
2034,0.1,45,200,mf_Himmelblau,80
2035,0.3,45,200,mf_Himmelblau,80
2036,0.5,45,200,mf_Himmelblau,80
2037,0.1,50,200,mf_Himmelblau,80
2038,0.3,50,200,mf_Himmelblau,80
2039,0.5,50,200,mf_Himmelblau,80
2040,0.1,5,200,mf_Himmelblau,90
2041,0.3,5,200,mf_Himmelblau,90
2042,0.5,5,200,mf_Himmelblau,90
2043,0.1,10,200,mf_Himmelblau,90
2044,0.3,10,200,mf_Himmelblau,90
2045,0.5,10,200,mf_Himmelblau,90
2046,0.1,15,200,mf_Himmelblau,90
2047,0.3,15,200,mf_Himmelblau,90
2048,0.5,15,200,mf_Himmelblau,90
2049,0.1,20,200,mf_Himmelblau,90
2050,0.3,20,200,mf_Himmelblau,90
2051,0.5,20,200,mf_Himmelblau,90
2052,0.1,25,200,mf_Himmelblau,90
2053,0.3,25,200,mf_Himmelblau,90
2054,0.5,25,200,mf_Himmelblau,90
2055,0.1,30,200,mf_Himmelblau,90
2056,0.3,30,200,mf_Himmelblau,90
2057,0.5,30,200,mf_Himmelblau,90
2058,0.1,35,200,mf_Himmelblau,90
2059,0.3,35,200,mf_Himmelblau,90
2060,0.5,35,200,mf_Himmelblau,90
2061,0.1,40,200,mf_Himmelblau,90
2062,0.3,40,200,mf_Himmelblau,90
2063,0.5,40,200,mf_Himmelblau,90
2064,0.1,45,200,mf_Himmelblau,90
2065,0.3,45,200,mf_Himmelblau,90
2066,0.5,45,200,mf_Himmelblau,90
2067,0.1,50,200,mf_Himmelblau,90
2068,0.3,50,200,mf_Himmelblau,90
2069,0.5,50,200,mf_Himmelblau,90
2070,0.1,5,200,mf_Himmelblau,100
2071,0.3,5,200,mf_Himmelblau,100
2072,0.5,5,200,mf_Himmelblau,100
2073,0.1,10,200,mf_Himmelblau,100
2074,0.3,10,200,mf_Himmelblau,100
2075,0.5,10,200,mf_Himmelblau,100
2076,0.1,15,200,mf_Himmelblau,100
2077,0.3,15,200,mf_Himmelblau,100
2078,0.5,15,200,mf_Himmelblau,100
2079,0.1,20,200,mf_Himmelblau,100
2080,0.3,20,200,mf_Himmelblau,100
2081,0.5,20,200,mf_Himmelblau,100
2082,0.1,25,200,mf_Himmelblau,100
2083,0.3,25,200,mf_Himmelblau,100
2084,0.5,25,200,mf_Himmelblau,100
2085,0.1,30,200,mf_Himmelblau,100
2086,0.3,30,200,mf_Himmelblau,100
2087,0.5,30,200,mf_Himmelblau,100
2088,0.1,35,200,mf_Himmelblau,100
2089,0.3,35,200,mf_Himmelblau,100
2090,0.5,35,200,mf_Himmelblau,100
2091,0.1,40,200,mf_Himmelblau,100
2092,0.3,40,200,mf_Himmelblau,100
2093,0.5,40,200,mf_Himmelblau,100
2094,0.1,45,200,mf_Himmelblau,100
2095,0.3,45,200,mf_Himmelblau,100
2096,0.5,45,200,mf_Himmelblau,100
2097,0.1,50,200,mf_Himmelblau,100
2098,0.3,50,200,mf_Himmelblau,100
2099,0.5,50,200,mf_Himmelblau,100
2100,0.1,5,200,mf_Park91A,10
2101,0.3,5,200,mf_Park91A,10
2102,0.5,5,200,mf_Park91A,10
2103,0.1,10,200,mf_Park91A,10
2104,0.3,10,200,mf_Park91A,10
2105,0.5,10,200,mf_Park91A,10
2106,0.1,15,200,mf_Park91A,10
2107,0.3,15,200,mf_Park91A,10
2108,0.5,15,200,mf_Park91A,10
2109,0.1,20,200,mf_Park91A,10
2110,0.3,20,200,mf_Park91A,10
2111,0.5,20,200,mf_Park91A,10
2112,0.1,25,200,mf_Park91A,10
2113,0.3,25,200,mf_Park91A,10
2114,0.5,25,200,mf_Park91A,10
2115,0.1,30,200,mf_Park91A,10
2116,0.3,30,200,mf_Park91A,10
2117,0.5,30,200,mf_Park91A,10
2118,0.1,35,200,mf_Park91A,10
2119,0.3,35,200,mf_Park91A,10
2120,0.5,35,200,mf_Park91A,10
2121,0.1,40,200,mf_Park91A,10
2122,0.3,40,200,mf_Park91A,10
2123,0.5,40,200,mf_Park91A,10
2124,0.1,45,200,mf_Park91A,10
2125,0.3,45,200,mf_Park91A,10
2126,0.5,45,200,mf_Park91A,10
2127,0.1,50,200,mf_Park91A,10
2128,0.3,50,200,mf_Park91A,10
2129,0.5,50,200,mf_Park91A,10
2130,0.1,5,200,mf_Park91A,20
2131,0.3,5,200,mf_Park91A,20
2132,0.5,5,200,mf_Park91A,20
2133,0.1,10,200,mf_Park91A,20
2134,0.3,10,200,mf_Park91A,20
2135,0.5,10,200,mf_Park91A,20
2136,0.1,15,200,mf_Park91A,20
2137,0.3,15,200,mf_Park91A,20
2138,0.5,15,200,mf_Park91A,20
2139,0.1,20,200,mf_Park91A,20
2140,0.3,20,200,mf_Park91A,20
2141,0.5,20,200,mf_Park91A,20
2142,0.1,25,200,mf_Park91A,20
2143,0.3,25,200,mf_Park91A,20
2144,0.5,25,200,mf_Park91A,20
2145,0.1,30,200,mf_Park91A,20
2146,0.3,30,200,mf_Park91A,20
2147,0.5,30,200,mf_Park91A,20
2148,0.1,35,200,mf_Park91A,20
2149,0.3,35,200,mf_Park91A,20
2150,0.5,35,200,mf_Park91A,20
2151,0.1,40,200,mf_Park91A,20
2152,0.3,40,200,mf_Park91A,20
2153,0.5,40,200,mf_Park91A,20
2154,0.1,45,200,mf_Park91A,20
2155,0.3,45,200,mf_Park91A,20
2156,0.5,45,200,mf_Park91A,20
2157,0.1,50,200,mf_Park91A,20
2158,0.3,50,200,mf_Park91A,20
2159,0.5,50,200,mf_Park91A,20
2160,0.1,5,200,mf_Park91A,30
2161,0.3,5,200,mf_Park91A,30
2162,0.5,5,200,mf_Park91A,30
2163,0.1,10,200,mf_Park91A,30
2164,0.3,10,200,mf_Park91A,30
2165,0.5,10,200,mf_Park91A,30
2166,0.1,15,200,mf_Park91A,30
2167,0.3,15,200,mf_Park91A,30
2168,0.5,15,200,mf_Park91A,30
2169,0.1,20,200,mf_Park91A,30
2170,0.3,20,200,mf_Park91A,30
2171,0.5,20,200,mf_Park91A,30
2172,0.1,25,200,mf_Park91A,30
2173,0.3,25,200,mf_Park91A,30
2174,0.5,25,200,mf_Park91A,30
2175,0.1,30,200,mf_Park91A,30
2176,0.3,30,200,mf_Park91A,30
2177,0.5,30,200,mf_Park91A,30
2178,0.1,35,200,mf_Park91A,30
2179,0.3,35,200,mf_Park91A,30
2180,0.5,35,200,mf_Park91A,30
2181,0.1,40,200,mf_Park91A,30
2182,0.3,40,200,mf_Park91A,30
2183,0.5,40,200,mf_Park91A,30
2184,0.1,45,200,mf_Park91A,30
2185,0.3,45,200,mf_Park91A,30
2186,0.5,45,200,mf_Park91A,30
2187,0.1,50,200,mf_Park91A,30
2188,0.3,50,200,mf_Park91A,30
2189,0.5,50,200,mf_Park91A,30
2190,0.1,5,200,mf_Park91A,40
2191,0.3,5,200,mf_Park91A,40
2192,0.5,5,200,mf_Park91A,40
2193,0.1,10,200,mf_Park91A,40
2194,0.3,10,200,mf_Park91A,40
2195,0.5,10,200,mf_Park91A,40
2196,0.1,15,200,mf_Park91A,40
2197,0.3,15,200,mf_Park91A,40
2198,0.5,15,200,mf_Park91A,40
2199,0.1,20,200,mf_Park91A,40
2200,0.3,20,200,mf_Park91A,40
2201,0.5,20,200,mf_Park91A,40
2202,0.1,25,200,mf_Park91A,40
2203,0.3,25,200,mf_Park91A,40
2204,0.5,25,200,mf_Park91A,40
2205,0.1,30,200,mf_Park91A,40
2206,0.3,30,200,mf_Park91A,40
2207,0.5,30,200,mf_Park91A,40
2208,0.1,35,200,mf_Park91A,40
2209,0.3,35,200,mf_Park91A,40
2210,0.5,35,200,mf_Park91A,40
2211,0.1,40,200,mf_Park91A,40
2212,0.3,40,200,mf_Park91A,40
2213,0.5,40,200,mf_Park91A,40
2214,0.1,45,200,mf_Park91A,40
2215,0.3,45,200,mf_Park91A,40
2216,0.5,45,200,mf_Park91A,40
2217,0.1,50,200,mf_Park91A,40
2218,0.3,50,200,mf_Park91A,40
2219,0.5,50,200,mf_Park91A,40
2220,0.1,5,200,mf_Park91A,50
2221,0.3,5,200,mf_Park91A,50
2222,0.5,5,200,mf_Park91A,50
2223,0.1,10,200,mf_Park91A,50
2224,0.3,10,200,mf_Park91A,50
2225,0.5,10,200,mf_Park91A,50
2226,0.1,15,200,mf_Park91A,50
2227,0.3,15,200,mf_Park91A,50
2228,0.5,15,200,mf_Park91A,50
2229,0.1,20,200,mf_Park91A,50
2230,0.3,20,200,mf_Park91A,50
2231,0.5,20,200,mf_Park91A,50
2232,0.1,25,200,mf_Park91A,50
2233,0.3,25,200,mf_Park91A,50
2234,0.5,25,200,mf_Park91A,50
2235,0.1,30,200,mf_Park91A,50
2236,0.3,30,200,mf_Park91A,50
2237,0.5,30,200,mf_Park91A,50
2238,0.1,35,200,mf_Park91A,50
2239,0.3,35,200,mf_Park91A,50
2240,0.5,35,200,mf_Park91A,50
2241,0.1,40,200,mf_Park91A,50
2242,0.3,40,200,mf_Park91A,50
2243,0.5,40,200,mf_Park91A,50
2244,0.1,45,200,mf_Park91A,50
2245,0.3,45,200,mf_Park91A,50
2246,0.5,45,200,mf_Park91A,50
2247,0.1,50,200,mf_Park91A,50
2248,0.3,50,200,mf_Park91A,50
2249,0.5,50,200,mf_Park91A,50
2250,0.1,5,200,mf_Park91A,60
2251,0.3,5,200,mf_Park91A,60
2252,0.5,5,200,mf_Park91A,60
2253,0.1,10,200,mf_Park91A,60
2254,0.3,10,200,mf_Park91A,60
2255,0.5,10,200,mf_Park91A,60
2256,0.1,15,200,mf_Park91A,60
2257,0.3,15,200,mf_Park91A,60
2258,0.5,15,200,mf_Park91A,60
2259,0.1,20,200,mf_Park91A,60
2260,0.3,20,200,mf_Park91A,60
2261,0.5,20,200,mf_Park91A,60
2262,0.1,25,200,mf_Park91A,60
2263,0.3,25,200,mf_Park91A,60
2264,0.5,25,200,mf_Park91A,60
2265,0.1,30,200,mf_Park91A,60
2266,0.3,30,200,mf_Park91A,60
2267,0.5,30,200,mf_Park91A,60
2268,0.1,35,200,mf_Park91A,60
2269,0.3,35,200,mf_Park91A,60
2270,0.5,35,200,mf_Park91A,60
2271,0.1,40,200,mf_Park91A,60
2272,0.3,40,200,mf_Park91A,60
2273,0.5,40,200,mf_Park91A,60
2274,0.1,45,200,mf_Park91A,60
2275,0.3,45,200,mf_Park91A,60
2276,0.5,45,200,mf_Park91A,60
2277,0.1,50,200,mf_Park91A,60
2278,0.3,50,200,mf_Park91A,60
2279,0.5,50,200,mf_Park91A,60
2280,0.1,5,200,mf_Park91A,70
2281,0.3,5,200,mf_Park91A,70
2282,0.5,5,200,mf_Park91A,70
2283,0.1,10,200,mf_Park91A,70
2284,0.3,10,200,mf_Park91A,70
2285,0.5,10,200,mf_Park91A,70
2286,0.1,15,200,mf_Park91A,70
2287,0.3,15,200,mf_Park91A,70
2288,0.5,15,200,mf_Park91A,70
2289,0.1,20,200,mf_Park91A,70
2290,0.3,20,200,mf_Park91A,70
2291,0.5,20,200,mf_Park91A,70
2292,0.1,25,200,mf_Park91A,70
2293,0.3,25,200,mf_Park91A,70
2294,0.5,25,200,mf_Park91A,70
2295,0.1,30,200,mf_Park91A,70
2296,0.3,30,200,mf_Park91A,70
2297,0.5,30,200,mf_Park91A,70
2298,0.1,35,200,mf_Park91A,70
2299,0.3,35,200,mf_Park91A,70
2300,0.5,35,200,mf_Park91A,70
2301,0.1,40,200,mf_Park91A,70
2302,0.3,40,200,mf_Park91A,70
2303,0.5,40,200,mf_Park91A,70
2304,0.1,45,200,mf_Park91A,70
2305,0.3,45,200,mf_Park91A,70
2306,0.5,45,200,mf_Park91A,70
2307,0.1,50,200,mf_Park91A,70
2308,0.3,50,200,mf_Park91A,70
2309,0.5,50,200,mf_Park91A,70
2310,0.1,5,200,mf_Park91A,80
2311,0.3,5,200,mf_Park91A,80
2312,0.5,5,200,mf_Park91A,80
2313,0.1,10,200,mf_Park91A,80
2314,0.3,10,200,mf_Park91A,80
2315,0.5,10,200,mf_Park91A,80
2316,0.1,15,200,mf_Park91A,80
2317,0.3,15,200,mf_Park91A,80
2318,0.5,15,200,mf_Park91A,80
2319,0.1,20,200,mf_Park91A,80
2320,0.3,20,200,mf_Park91A,80
2321,0.5,20,200,mf_Park91A,80
2322,0.1,25,200,mf_Park91A,80
2323,0.3,25,200,mf_Park91A,80
2324,0.5,25,200,mf_Park91A,80
2325,0.1,30,200,mf_Park91A,80
2326,0.3,30,200,mf_Park91A,80
2327,0.5,30,200,mf_Park91A,80
2328,0.1,35,200,mf_Park91A,80
2329,0.3,35,200,mf_Park91A,80
2330,0.5,35,200,mf_Park91A,80
2331,0.1,40,200,mf_Park91A,80
2332,0.3,40,200,mf_Park91A,80
2333,0.5,40,200,mf_Park91A,80
2334,0.1,45,200,mf_Park91A,80
2335,0.3,45,200,mf_Park91A,80
2336,0.5,45,200,mf_Park91A,80
2337,0.1,50,200,mf_Park91A,80
2338,0.3,50,200,mf_Park91A,80
2339,0.5,50,200,mf_Park91A,80
2340,0.1,5,200,mf_Park91A,90
2341,0.3,5,200,mf_Park91A,90
2342,0.5,5,200,mf_Park91A,90
2343,0.1,10,200,mf_Park91A,90
2344,0.3,10,200,mf_Park91A,90
2345,0.5,10,200,mf_Park91A,90
2346,0.1,15,200,mf_Park91A,90
2347,0.3,15,200,mf_Park91A,90
2348,0.5,15,200,mf_Park91A,90
2349,0.1,20,200,mf_Park91A,90
2350,0.3,20,200,mf_Park91A,90
2351,0.5,20,200,mf_Park91A,90
2352,0.1,25,200,mf_Park91A,90
2353,0.3,25,200,mf_Park91A,90
2354,0.5,25,200,mf_Park91A,90
2355,0.1,30,200,mf_Park91A,90
2356,0.3,30,200,mf_Park91A,90
2357,0.5,30,200,mf_Park91A,90
2358,0.1,35,200,mf_Park91A,90
2359,0.3,35,200,mf_Park91A,90
2360,0.5,35,200,mf_Park91A,90
2361,0.1,40,200,mf_Park91A,90
2362,0.3,40,200,mf_Park91A,90
2363,0.5,40,200,mf_Park91A,90
2364,0.1,45,200,mf_Park91A,90
2365,0.3,45,200,mf_Park91A,90
2366,0.5,45,200,mf_Park91A,90
2367,0.1,50,200,mf_Park91A,90
2368,0.3,50,200,mf_Park91A,90
2369,0.5,50,200,mf_Park91A,90
2370,0.1,5,200,mf_Park91A,100
2371,0.3,5,200,mf_Park91A,100
2372,0.5,5,200,mf_Park91A,100
2373,0.1,10,200,mf_Park91A,100
2374,0.3,10,200,mf_Park91A,100
2375,0.5,10,200,mf_Park91A,100
2376,0.1,15,200,mf_Park91A,100
2377,0.3,15,200,mf_Park91A,100
2378,0.5,15,200,mf_Park91A,100
2379,0.1,20,200,mf_Park91A,100
2380,0.3,20,200,mf_Park91A,100
2381,0.5,20,200,mf_Park91A,100
2382,0.1,25,200,mf_Park91A,100
2383,0.3,25,200,mf_Park91A,100
2384,0.5,25,200,mf_Park91A,100
2385,0.1,30,200,mf_Park91A,100
2386,0.3,30,200,mf_Park91A,100
2387,0.5,30,200,mf_Park91A,100
2388,0.1,35,200,mf_Park91A,100
2389,0.3,35,200,mf_Park91A,100
2390,0.5,35,200,mf_Park91A,100
2391,0.1,40,200,mf_Park91A,100
2392,0.3,40,200,mf_Park91A,100
2393,0.5,40,200,mf_Park91A,100
2394,0.1,45,200,mf_Park91A,100
2395,0.3,45,200,mf_Park91A,100
2396,0.5,45,200,mf_Park91A,100
2397,0.1,50,200,mf_Park91A,100
2398,0.3,50,200,mf_Park91A,100
2399,0.5,50,200,mf_Park91A,100
2400,0.1,5,200,mf_Park91B,10
2401,0.3,5,200,mf_Park91B,10
2402,0.5,5,200,mf_Park91B,10
2403,0.1,10,200,mf_Park91B,10
2404,0.3,10,200,mf_Park91B,10
2405,0.5,10,200,mf_Park91B,10
2406,0.1,15,200,mf_Park91B,10
2407,0.3,15,200,mf_Park91B,10
2408,0.5,15,200,mf_Park91B,10
2409,0.1,20,200,mf_Park91B,10
2410,0.3,20,200,mf_Park91B,10
2411,0.5,20,200,mf_Park91B,10
2412,0.1,25,200,mf_Park91B,10
2413,0.3,25,200,mf_Park91B,10
2414,0.5,25,200,mf_Park91B,10
2415,0.1,30,200,mf_Park91B,10
2416,0.3,30,200,mf_Park91B,10
2417,0.5,30,200,mf_Park91B,10
2418,0.1,35,200,mf_Park91B,10
2419,0.3,35,200,mf_Park91B,10
2420,0.5,35,200,mf_Park91B,10
2421,0.1,40,200,mf_Park91B,10
2422,0.3,40,200,mf_Park91B,10
2423,0.5,40,200,mf_Park91B,10
2424,0.1,45,200,mf_Park91B,10
2425,0.3,45,200,mf_Park91B,10
2426,0.5,45,200,mf_Park91B,10
2427,0.1,50,200,mf_Park91B,10
2428,0.3,50,200,mf_Park91B,10
2429,0.5,50,200,mf_Park91B,10
2430,0.1,5,200,mf_Park91B,20
2431,0.3,5,200,mf_Park91B,20
2432,0.5,5,200,mf_Park91B,20
2433,0.1,10,200,mf_Park91B,20
2434,0.3,10,200,mf_Park91B,20
2435,0.5,10,200,mf_Park91B,20
2436,0.1,15,200,mf_Park91B,20
2437,0.3,15,200,mf_Park91B,20
2438,0.5,15,200,mf_Park91B,20
2439,0.1,20,200,mf_Park91B,20
2440,0.3,20,200,mf_Park91B,20
2441,0.5,20,200,mf_Park91B,20
2442,0.1,25,200,mf_Park91B,20
2443,0.3,25,200,mf_Park91B,20
2444,0.5,25,200,mf_Park91B,20
2445,0.1,30,200,mf_Park91B,20
2446,0.3,30,200,mf_Park91B,20
2447,0.5,30,200,mf_Park91B,20
2448,0.1,35,200,mf_Park91B,20
2449,0.3,35,200,mf_Park91B,20
2450,0.5,35,200,mf_Park91B,20
2451,0.1,40,200,mf_Park91B,20
2452,0.3,40,200,mf_Park91B,20
2453,0.5,40,200,mf_Park91B,20
2454,0.1,45,200,mf_Park91B,20
2455,0.3,45,200,mf_Park91B,20
2456,0.5,45,200,mf_Park91B,20
2457,0.1,50,200,mf_Park91B,20
2458,0.3,50,200,mf_Park91B,20
2459,0.5,50,200,mf_Park91B,20
2460,0.1,5,200,mf_Park91B,30
2461,0.3,5,200,mf_Park91B,30
2462,0.5,5,200,mf_Park91B,30
2463,0.1,10,200,mf_Park91B,30
2464,0.3,10,200,mf_Park91B,30
2465,0.5,10,200,mf_Park91B,30
2466,0.1,15,200,mf_Park91B,30
2467,0.3,15,200,mf_Park91B,30
2468,0.5,15,200,mf_Park91B,30
2469,0.1,20,200,mf_Park91B,30
2470,0.3,20,200,mf_Park91B,30
2471,0.5,20,200,mf_Park91B,30
2472,0.1,25,200,mf_Park91B,30
2473,0.3,25,200,mf_Park91B,30
2474,0.5,25,200,mf_Park91B,30
2475,0.1,30,200,mf_Park91B,30
2476,0.3,30,200,mf_Park91B,30
2477,0.5,30,200,mf_Park91B,30
2478,0.1,35,200,mf_Park91B,30
2479,0.3,35,200,mf_Park91B,30
2480,0.5,35,200,mf_Park91B,30
2481,0.1,40,200,mf_Park91B,30
2482,0.3,40,200,mf_Park91B,30
2483,0.5,40,200,mf_Park91B,30
2484,0.1,45,200,mf_Park91B,30
2485,0.3,45,200,mf_Park91B,30
2486,0.5,45,200,mf_Park91B,30
2487,0.1,50,200,mf_Park91B,30
2488,0.3,50,200,mf_Park91B,30
2489,0.5,50,200,mf_Park91B,30
2490,0.1,5,200,mf_Park91B,40
2491,0.3,5,200,mf_Park91B,40
2492,0.5,5,200,mf_Park91B,40
2493,0.1,10,200,mf_Park91B,40
2494,0.3,10,200,mf_Park91B,40
2495,0.5,10,200,mf_Park91B,40
2496,0.1,15,200,mf_Park91B,40
2497,0.3,15,200,mf_Park91B,40
2498,0.5,15,200,mf_Park91B,40
2499,0.1,20,200,mf_Park91B,40
2500,0.3,20,200,mf_Park91B,40
2501,0.5,20,200,mf_Park91B,40
2502,0.1,25,200,mf_Park91B,40
2503,0.3,25,200,mf_Park91B,40
2504,0.5,25,200,mf_Park91B,40
2505,0.1,30,200,mf_Park91B,40
2506,0.3,30,200,mf_Park91B,40
2507,0.5,30,200,mf_Park91B,40
2508,0.1,35,200,mf_Park91B,40
2509,0.3,35,200,mf_Park91B,40
2510,0.5,35,200,mf_Park91B,40
2511,0.1,40,200,mf_Park91B,40
2512,0.3,40,200,mf_Park91B,40
2513,0.5,40,200,mf_Park91B,40
2514,0.1,45,200,mf_Park91B,40
2515,0.3,45,200,mf_Park91B,40
2516,0.5,45,200,mf_Park91B,40
2517,0.1,50,200,mf_Park91B,40
2518,0.3,50,200,mf_Park91B,40
2519,0.5,50,200,mf_Park91B,40
2520,0.1,5,200,mf_Park91B,50
2521,0.3,5,200,mf_Park91B,50
2522,0.5,5,200,mf_Park91B,50
2523,0.1,10,200,mf_Park91B,50
2524,0.3,10,200,mf_Park91B,50
2525,0.5,10,200,mf_Park91B,50
2526,0.1,15,200,mf_Park91B,50
2527,0.3,15,200,mf_Park91B,50
2528,0.5,15,200,mf_Park91B,50
2529,0.1,20,200,mf_Park91B,50
2530,0.3,20,200,mf_Park91B,50
2531,0.5,20,200,mf_Park91B,50
2532,0.1,25,200,mf_Park91B,50
2533,0.3,25,200,mf_Park91B,50
2534,0.5,25,200,mf_Park91B,50
2535,0.1,30,200,mf_Park91B,50
2536,0.3,30,200,mf_Park91B,50
2537,0.5,30,200,mf_Park91B,50
2538,0.1,35,200,mf_Park91B,50
2539,0.3,35,200,mf_Park91B,50
2540,0.5,35,200,mf_Park91B,50
2541,0.1,40,200,mf_Park91B,50
2542,0.3,40,200,mf_Park91B,50
2543,0.5,40,200,mf_Park91B,50
2544,0.1,45,200,mf_Park91B,50
2545,0.3,45,200,mf_Park91B,50
2546,0.5,45,200,mf_Park91B,50
2547,0.1,50,200,mf_Park91B,50
2548,0.3,50,200,mf_Park91B,50
2549,0.5,50,200,mf_Park91B,50
2550,0.1,5,200,mf_Park91B,60
2551,0.3,5,200,mf_Park91B,60
2552,0.5,5,200,mf_Park91B,60
2553,0.1,10,200,mf_Park91B,60
2554,0.3,10,200,mf_Park91B,60
2555,0.5,10,200,mf_Park91B,60
2556,0.1,15,200,mf_Park91B,60
2557,0.3,15,200,mf_Park91B,60
2558,0.5,15,200,mf_Park91B,60
2559,0.1,20,200,mf_Park91B,60
2560,0.3,20,200,mf_Park91B,60
2561,0.5,20,200,mf_Park91B,60
2562,0.1,25,200,mf_Park91B,60
2563,0.3,25,200,mf_Park91B,60
2564,0.5,25,200,mf_Park91B,60
2565,0.1,30,200,mf_Park91B,60
2566,0.3,30,200,mf_Park91B,60
2567,0.5,30,200,mf_Park91B,60
2568,0.1,35,200,mf_Park91B,60
2569,0.3,35,200,mf_Park91B,60
2570,0.5,35,200,mf_Park91B,60
2571,0.1,40,200,mf_Park91B,60
2572,0.3,40,200,mf_Park91B,60
2573,0.5,40,200,mf_Park91B,60
2574,0.1,45,200,mf_Park91B,60
2575,0.3,45,200,mf_Park91B,60
2576,0.5,45,200,mf_Park91B,60
2577,0.1,50,200,mf_Park91B,60
2578,0.3,50,200,mf_Park91B,60
2579,0.5,50,200,mf_Park91B,60
2580,0.1,5,200,mf_Park91B,70
2581,0.3,5,200,mf_Park91B,70
2582,0.5,5,200,mf_Park91B,70
2583,0.1,10,200,mf_Park91B,70
2584,0.3,10,200,mf_Park91B,70
2585,0.5,10,200,mf_Park91B,70
2586,0.1,15,200,mf_Park91B,70
2587,0.3,15,200,mf_Park91B,70
2588,0.5,15,200,mf_Park91B,70
2589,0.1,20,200,mf_Park91B,70
2590,0.3,20,200,mf_Park91B,70
2591,0.5,20,200,mf_Park91B,70
2592,0.1,25,200,mf_Park91B,70
2593,0.3,25,200,mf_Park91B,70
2594,0.5,25,200,mf_Park91B,70
2595,0.1,30,200,mf_Park91B,70
2596,0.3,30,200,mf_Park91B,70
2597,0.5,30,200,mf_Park91B,70
2598,0.1,35,200,mf_Park91B,70
2599,0.3,35,200,mf_Park91B,70
2600,0.5,35,200,mf_Park91B,70
2601,0.1,40,200,mf_Park91B,70
2602,0.3,40,200,mf_Park91B,70
2603,0.5,40,200,mf_Park91B,70
2604,0.1,45,200,mf_Park91B,70
2605,0.3,45,200,mf_Park91B,70
2606,0.5,45,200,mf_Park91B,70
2607,0.1,50,200,mf_Park91B,70
2608,0.3,50,200,mf_Park91B,70
2609,0.5,50,200,mf_Park91B,70
2610,0.1,5,200,mf_Park91B,80
2611,0.3,5,200,mf_Park91B,80
2612,0.5,5,200,mf_Park91B,80
2613,0.1,10,200,mf_Park91B,80
2614,0.3,10,200,mf_Park91B,80
2615,0.5,10,200,mf_Park91B,80
2616,0.1,15,200,mf_Park91B,80
2617,0.3,15,200,mf_Park91B,80
2618,0.5,15,200,mf_Park91B,80
2619,0.1,20,200,mf_Park91B,80
2620,0.3,20,200,mf_Park91B,80
2621,0.5,20,200,mf_Park91B,80
2622,0.1,25,200,mf_Park91B,80
2623,0.3,25,200,mf_Park91B,80
2624,0.5,25,200,mf_Park91B,80
2625,0.1,30,200,mf_Park91B,80
2626,0.3,30,200,mf_Park91B,80
2627,0.5,30,200,mf_Park91B,80
2628,0.1,35,200,mf_Park91B,80
2629,0.3,35,200,mf_Park91B,80
2630,0.5,35,200,mf_Park91B,80
2631,0.1,40,200,mf_Park91B,80
2632,0.3,40,200,mf_Park91B,80
2633,0.5,40,200,mf_Park91B,80
2634,0.1,45,200,mf_Park91B,80
2635,0.3,45,200,mf_Park91B,80
2636,0.5,45,200,mf_Park91B,80
2637,0.1,50,200,mf_Park91B,80
2638,0.3,50,200,mf_Park91B,80
2639,0.5,50,200,mf_Park91B,80
2640,0.1,5,200,mf_Park91B,90
2641,0.3,5,200,mf_Park91B,90
2642,0.5,5,200,mf_Park91B,90
2643,0.1,10,200,mf_Park91B,90
2644,0.3,10,200,mf_Park91B,90
2645,0.5,10,200,mf_Park91B,90
2646,0.1,15,200,mf_Park91B,90
2647,0.3,15,200,mf_Park91B,90
2648,0.5,15,200,mf_Park91B,90
2649,0.1,20,200,mf_Park91B,90
2650,0.3,20,200,mf_Park91B,90
2651,0.5,20,200,mf_Park91B,90
2652,0.1,25,200,mf_Park91B,90
2653,0.3,25,200,mf_Park91B,90
2654,0.5,25,200,mf_Park91B,90
2655,0.1,30,200,mf_Park91B,90
2656,0.3,30,200,mf_Park91B,90
2657,0.5,30,200,mf_Park91B,90
2658,0.1,35,200,mf_Park91B,90
2659,0.3,35,200,mf_Park91B,90
2660,0.5,35,200,mf_Park91B,90
2661,0.1,40,200,mf_Park91B,90
2662,0.3,40,200,mf_Park91B,90
2663,0.5,40,200,mf_Park91B,90
2664,0.1,45,200,mf_Park91B,90
2665,0.3,45,200,mf_Park91B,90
2666,0.5,45,200,mf_Park91B,90
2667,0.1,50,200,mf_Park91B,90
2668,0.3,50,200,mf_Park91B,90
2669,0.5,50,200,mf_Park91B,90
2670,0.1,5,200,mf_Park91B,100
2671,0.3,5,200,mf_Park91B,100
2672,0.5,5,200,mf_Park91B,100
2673,0.1,10,200,mf_Park91B,100
2674,0.3,10,200,mf_Park91B,100
2675,0.5,10,200,mf_Park91B,100
2676,0.1,15,200,mf_Park91B,100
2677,0.3,15,200,mf_Park91B,100
2678,0.5,15,200,mf_Park91B,100
2679,0.1,20,200,mf_Park91B,100
2680,0.3,20,200,mf_Park91B,100
2681,0.5,20,200,mf_Park91B,100
2682,0.1,25,200,mf_Park91B,100
2683,0.3,25,200,mf_Park91B,100
2684,0.5,25,200,mf_Park91B,100
2685,0.1,30,200,mf_Park91B,100
2686,0.3,30,200,mf_Park91B,100
2687,0.5,30,200,mf_Park91B,100
2688,0.1,35,200,mf_Park91B,100
2689,0.3,35,200,mf_Park91B,100
2690,0.5,35,200,mf_Park91B,100
2691,0.1,40,200,mf_Park91B,100
2692,0.3,40,200,mf_Park91B,100
2693,0.5,40,200,mf_Park91B,100
2694,0.1,45,200,mf_Park91B,100
2695,0.3,45,200,mf_Park91B,100
2696,0.5,45,200,mf_Park91B,100
2697,0.1,50,200,mf_Park91B,100
2698,0.3,50,200,mf_Park91B,100
2699,0.5,50,200,mf_Park91B,100
2700,0.1,5,200,mf_Sixhump,10
2701,0.3,5,200,mf_Sixhump,10
2702,0.5,5,200,mf_Sixhump,10
2703,0.1,10,200,mf_Sixhump,10
2704,0.3,10,200,mf_Sixhump,10
2705,0.5,10,200,mf_Sixhump,10
2706,0.1,15,200,mf_Sixhump,10
2707,0.3,15,200,mf_Sixhump,10
2708,0.5,15,200,mf_Sixhump,10
2709,0.1,20,200,mf_Sixhump,10
2710,0.3,20,200,mf_Sixhump,10
2711,0.5,20,200,mf_Sixhump,10
2712,0.1,25,200,mf_Sixhump,10
2713,0.3,25,200,mf_Sixhump,10
2714,0.5,25,200,mf_Sixhump,10
2715,0.1,30,200,mf_Sixhump,10
2716,0.3,30,200,mf_Sixhump,10
2717,0.5,30,200,mf_Sixhump,10
2718,0.1,35,200,mf_Sixhump,10
2719,0.3,35,200,mf_Sixhump,10
2720,0.5,35,200,mf_Sixhump,10
2721,0.1,40,200,mf_Sixhump,10
2722,0.3,40,200,mf_Sixhump,10
2723,0.5,40,200,mf_Sixhump,10
2724,0.1,45,200,mf_Sixhump,10
2725,0.3,45,200,mf_Sixhump,10
2726,0.5,45,200,mf_Sixhump,10
2727,0.1,50,200,mf_Sixhump,10
2728,0.3,50,200,mf_Sixhump,10
2729,0.5,50,200,mf_Sixhump,10
2730,0.1,5,200,mf_Sixhump,20
2731,0.3,5,200,mf_Sixhump,20
2732,0.5,5,200,mf_Sixhump,20
2733,0.1,10,200,mf_Sixhump,20
2734,0.3,10,200,mf_Sixhump,20
2735,0.5,10,200,mf_Sixhump,20
2736,0.1,15,200,mf_Sixhump,20
2737,0.3,15,200,mf_Sixhump,20
2738,0.5,15,200,mf_Sixhump,20
2739,0.1,20,200,mf_Sixhump,20
2740,0.3,20,200,mf_Sixhump,20
2741,0.5,20,200,mf_Sixhump,20
2742,0.1,25,200,mf_Sixhump,20
2743,0.3,25,200,mf_Sixhump,20
2744,0.5,25,200,mf_Sixhump,20
2745,0.1,30,200,mf_Sixhump,20
2746,0.3,30,200,mf_Sixhump,20
2747,0.5,30,200,mf_Sixhump,20
2748,0.1,35,200,mf_Sixhump,20
2749,0.3,35,200,mf_Sixhump,20
2750,0.5,35,200,mf_Sixhump,20
2751,0.1,40,200,mf_Sixhump,20
2752,0.3,40,200,mf_Sixhump,20
2753,0.5,40,200,mf_Sixhump,20
2754,0.1,45,200,mf_Sixhump,20
2755,0.3,45,200,mf_Sixhump,20
2756,0.5,45,200,mf_Sixhump,20
2757,0.1,50,200,mf_Sixhump,20
2758,0.3,50,200,mf_Sixhump,20
2759,0.5,50,200,mf_Sixhump,20
2760,0.1,5,200,mf_Sixhump,30
2761,0.3,5,200,mf_Sixhump,30
2762,0.5,5,200,mf_Sixhump,30
2763,0.1,10,200,mf_Sixhump,30
2764,0.3,10,200,mf_Sixhump,30
2765,0.5,10,200,mf_Sixhump,30
2766,0.1,15,200,mf_Sixhump,30
2767,0.3,15,200,mf_Sixhump,30
2768,0.5,15,200,mf_Sixhump,30
2769,0.1,20,200,mf_Sixhump,30
2770,0.3,20,200,mf_Sixhump,30
2771,0.5,20,200,mf_Sixhump,30
2772,0.1,25,200,mf_Sixhump,30
2773,0.3,25,200,mf_Sixhump,30
2774,0.5,25,200,mf_Sixhump,30
2775,0.1,30,200,mf_Sixhump,30
2776,0.3,30,200,mf_Sixhump,30
2777,0.5,30,200,mf_Sixhump,30
2778,0.1,35,200,mf_Sixhump,30
2779,0.3,35,200,mf_Sixhump,30
2780,0.5,35,200,mf_Sixhump,30
2781,0.1,40,200,mf_Sixhump,30
2782,0.3,40,200,mf_Sixhump,30
2783,0.5,40,200,mf_Sixhump,30
2784,0.1,45,200,mf_Sixhump,30
2785,0.3,45,200,mf_Sixhump,30
2786,0.5,45,200,mf_Sixhump,30
2787,0.1,50,200,mf_Sixhump,30
2788,0.3,50,200,mf_Sixhump,30
2789,0.5,50,200,mf_Sixhump,30
2790,0.1,5,200,mf_Sixhump,40
2791,0.3,5,200,mf_Sixhump,40
2792,0.5,5,200,mf_Sixhump,40
2793,0.1,10,200,mf_Sixhump,40
2794,0.3,10,200,mf_Sixhump,40
2795,0.5,10,200,mf_Sixhump,40
2796,0.1,15,200,mf_Sixhump,40
2797,0.3,15,200,mf_Sixhump,40
2798,0.5,15,200,mf_Sixhump,40
2799,0.1,20,200,mf_Sixhump,40
2800,0.3,20,200,mf_Sixhump,40
2801,0.5,20,200,mf_Sixhump,40
2802,0.1,25,200,mf_Sixhump,40
2803,0.3,25,200,mf_Sixhump,40
2804,0.5,25,200,mf_Sixhump,40
2805,0.1,30,200,mf_Sixhump,40
2806,0.3,30,200,mf_Sixhump,40
2807,0.5,30,200,mf_Sixhump,40
2808,0.1,35,200,mf_Sixhump,40
2809,0.3,35,200,mf_Sixhump,40
2810,0.5,35,200,mf_Sixhump,40
2811,0.1,40,200,mf_Sixhump,40
2812,0.3,40,200,mf_Sixhump,40
2813,0.5,40,200,mf_Sixhump,40
2814,0.1,45,200,mf_Sixhump,40
2815,0.3,45,200,mf_Sixhump,40
2816,0.5,45,200,mf_Sixhump,40
2817,0.1,50,200,mf_Sixhump,40
2818,0.3,50,200,mf_Sixhump,40
2819,0.5,50,200,mf_Sixhump,40
2820,0.1,5,200,mf_Sixhump,50
2821,0.3,5,200,mf_Sixhump,50
2822,0.5,5,200,mf_Sixhump,50
2823,0.1,10,200,mf_Sixhump,50
2824,0.3,10,200,mf_Sixhump,50
2825,0.5,10,200,mf_Sixhump,50
2826,0.1,15,200,mf_Sixhump,50
2827,0.3,15,200,mf_Sixhump,50
2828,0.5,15,200,mf_Sixhump,50
2829,0.1,20,200,mf_Sixhump,50
2830,0.3,20,200,mf_Sixhump,50
2831,0.5,20,200,mf_Sixhump,50
2832,0.1,25,200,mf_Sixhump,50
2833,0.3,25,200,mf_Sixhump,50
2834,0.5,25,200,mf_Sixhump,50
2835,0.1,30,200,mf_Sixhump,50
2836,0.3,30,200,mf_Sixhump,50
2837,0.5,30,200,mf_Sixhump,50
2838,0.1,35,200,mf_Sixhump,50
2839,0.3,35,200,mf_Sixhump,50
2840,0.5,35,200,mf_Sixhump,50
2841,0.1,40,200,mf_Sixhump,50
2842,0.3,40,200,mf_Sixhump,50
2843,0.5,40,200,mf_Sixhump,50
2844,0.1,45,200,mf_Sixhump,50
2845,0.3,45,200,mf_Sixhump,50
2846,0.5,45,200,mf_Sixhump,50
2847,0.1,50,200,mf_Sixhump,50
2848,0.3,50,200,mf_Sixhump,50
2849,0.5,50,200,mf_Sixhump,50
2850,0.1,5,200,mf_Sixhump,60
2851,0.3,5,200,mf_Sixhump,60
2852,0.5,5,200,mf_Sixhump,60
2853,0.1,10,200,mf_Sixhump,60
2854,0.3,10,200,mf_Sixhump,60
2855,0.5,10,200,mf_Sixhump,60
2856,0.1,15,200,mf_Sixhump,60
2857,0.3,15,200,mf_Sixhump,60
2858,0.5,15,200,mf_Sixhump,60
2859,0.1,20,200,mf_Sixhump,60
2860,0.3,20,200,mf_Sixhump,60
2861,0.5,20,200,mf_Sixhump,60
2862,0.1,25,200,mf_Sixhump,60
2863,0.3,25,200,mf_Sixhump,60
2864,0.5,25,200,mf_Sixhump,60
2865,0.1,30,200,mf_Sixhump,60
2866,0.3,30,200,mf_Sixhump,60
2867,0.5,30,200,mf_Sixhump,60
2868,0.1,35,200,mf_Sixhump,60
2869,0.3,35,200,mf_Sixhump,60
2870,0.5,35,200,mf_Sixhump,60
2871,0.1,40,200,mf_Sixhump,60
2872,0.3,40,200,mf_Sixhump,60
2873,0.5,40,200,mf_Sixhump,60
2874,0.1,45,200,mf_Sixhump,60
2875,0.3,45,200,mf_Sixhump,60
2876,0.5,45,200,mf_Sixhump,60
2877,0.1,50,200,mf_Sixhump,60
2878,0.3,50,200,mf_Sixhump,60
2879,0.5,50,200,mf_Sixhump,60
2880,0.1,5,200,mf_Sixhump,70
2881,0.3,5,200,mf_Sixhump,70
2882,0.5,5,200,mf_Sixhump,70
2883,0.1,10,200,mf_Sixhump,70
2884,0.3,10,200,mf_Sixhump,70
2885,0.5,10,200,mf_Sixhump,70
2886,0.1,15,200,mf_Sixhump,70
2887,0.3,15,200,mf_Sixhump,70
2888,0.5,15,200,mf_Sixhump,70
2889,0.1,20,200,mf_Sixhump,70
2890,0.3,20,200,mf_Sixhump,70
2891,0.5,20,200,mf_Sixhump,70
2892,0.1,25,200,mf_Sixhump,70
2893,0.3,25,200,mf_Sixhump,70
2894,0.5,25,200,mf_Sixhump,70
2895,0.1,30,200,mf_Sixhump,70
2896,0.3,30,200,mf_Sixhump,70
2897,0.5,30,200,mf_Sixhump,70
2898,0.1,35,200,mf_Sixhump,70
2899,0.3,35,200,mf_Sixhump,70
2900,0.5,35,200,mf_Sixhump,70
2901,0.1,40,200,mf_Sixhump,70
2902,0.3,40,200,mf_Sixhump,70
2903,0.5,40,200,mf_Sixhump,70
2904,0.1,45,200,mf_Sixhump,70
2905,0.3,45,200,mf_Sixhump,70
2906,0.5,45,200,mf_Sixhump,70
2907,0.1,50,200,mf_Sixhump,70
2908,0.3,50,200,mf_Sixhump,70
2909,0.5,50,200,mf_Sixhump,70
2910,0.1,5,200,mf_Sixhump,80
2911,0.3,5,200,mf_Sixhump,80
2912,0.5,5,200,mf_Sixhump,80
2913,0.1,10,200,mf_Sixhump,80
2914,0.3,10,200,mf_Sixhump,80
2915,0.5,10,200,mf_Sixhump,80
2916,0.1,15,200,mf_Sixhump,80
2917,0.3,15,200,mf_Sixhump,80
2918,0.5,15,200,mf_Sixhump,80
2919,0.1,20,200,mf_Sixhump,80
2920,0.3,20,200,mf_Sixhump,80
2921,0.5,20,200,mf_Sixhump,80
2922,0.1,25,200,mf_Sixhump,80
2923,0.3,25,200,mf_Sixhump,80
2924,0.5,25,200,mf_Sixhump,80
2925,0.1,30,200,mf_Sixhump,80
2926,0.3,30,200,mf_Sixhump,80
2927,0.5,30,200,mf_Sixhump,80
2928,0.1,35,200,mf_Sixhump,80
2929,0.3,35,200,mf_Sixhump,80
2930,0.5,35,200,mf_Sixhump,80
2931,0.1,40,200,mf_Sixhump,80
2932,0.3,40,200,mf_Sixhump,80
2933,0.5,40,200,mf_Sixhump,80
2934,0.1,45,200,mf_Sixhump,80
2935,0.3,45,200,mf_Sixhump,80
2936,0.5,45,200,mf_Sixhump,80
2937,0.1,50,200,mf_Sixhump,80
2938,0.3,50,200,mf_Sixhump,80
2939,0.5,50,200,mf_Sixhump,80
2940,0.1,5,200,mf_Sixhump,90
2941,0.3,5,200,mf_Sixhump,90
2942,0.5,5,200,mf_Sixhump,90
2943,0.1,10,200,mf_Sixhump,90
2944,0.3,10,200,mf_Sixhump,90
2945,0.5,10,200,mf_Sixhump,90
2946,0.1,15,200,mf_Sixhump,90
2947,0.3,15,200,mf_Sixhump,90
2948,0.5,15,200,mf_Sixhump,90
2949,0.1,20,200,mf_Sixhump,90
2950,0.3,20,200,mf_Sixhump,90
2951,0.5,20,200,mf_Sixhump,90
2952,0.1,25,200,mf_Sixhump,90
2953,0.3,25,200,mf_Sixhump,90
2954,0.5,25,200,mf_Sixhump,90
2955,0.1,30,200,mf_Sixhump,90
2956,0.3,30,200,mf_Sixhump,90
2957,0.5,30,200,mf_Sixhump,90
2958,0.1,35,200,mf_Sixhump,90
2959,0.3,35,200,mf_Sixhump,90
2960,0.5,35,200,mf_Sixhump,90
2961,0.1,40,200,mf_Sixhump,90
2962,0.3,40,200,mf_Sixhump,90
2963,0.5,40,200,mf_Sixhump,90
2964,0.1,45,200,mf_Sixhump,90
2965,0.3,45,200,mf_Sixhump,90
2966,0.5,45,200,mf_Sixhump,90
2967,0.1,50,200,mf_Sixhump,90
2968,0.3,50,200,mf_Sixhump,90
2969,0.5,50,200,mf_Sixhump,90
2970,0.1,5,200,mf_Sixhump,100
2971,0.3,5,200,mf_Sixhump,100
2972,0.5,5,200,mf_Sixhump,100
2973,0.1,10,200,mf_Sixhump,100
2974,0.3,10,200,mf_Sixhump,100
2975,0.5,10,200,mf_Sixhump,100
2976,0.1,15,200,mf_Sixhump,100
2977,0.3,15,200,mf_Sixhump,100
2978,0.5,15,200,mf_Sixhump,100
2979,0.1,20,200,mf_Sixhump,100
2980,0.3,20,200,mf_Sixhump,100
2981,0.5,20,200,mf_Sixhump,100
2982,0.1,25,200,mf_Sixhump,100
2983,0.3,25,200,mf_Sixhump,100
2984,0.5,25,200,mf_Sixhump,100
2985,0.1,30,200,mf_Sixhump,100
2986,0.3,30,200,mf_Sixhump,100
2987,0.5,30,200,mf_Sixhump,100
2988,0.1,35,200,mf_Sixhump,100
2989,0.3,35,200,mf_Sixhump,100
2990,0.5,35,200,mf_Sixhump,100
2991,0.1,40,200,mf_Sixhump,100
2992,0.3,40,200,mf_Sixhump,100
2993,0.5,40,200,mf_Sixhump,100
2994,0.1,45,200,mf_Sixhump,100
2995,0.3,45,200,mf_Sixhump,100
2996,0.5,45,200,mf_Sixhump,100
2997,0.1,50,200,mf_Sixhump,100
2998,0.3,50,200,mf_Sixhump,100
2999,0.5,50,200,mf_Sixhump,100
