,noise_std,num_sample,problem,seed
0,0.1,5,mf_Bohachevsky,1
1,0.3,5,mf_Bohachevsky,1
2,0.5,5,mf_Bohachevsky,1
3,0.1,10,mf_Bohachevsky,1
4,0.3,10,mf_Bohachevsky,1
5,0.5,10,mf_Bohachevsky,1
6,0.1,15,mf_Bohachevsky,1
7,0.3,15,mf_Bohachevsky,1
8,0.5,15,mf_Bohachevsky,1
9,0.1,20,mf_Bohachevsky,1
10,0.3,20,mf_Bohachevsky,1
11,0.5,20,mf_Bohachevsky,1
12,0.1,25,mf_Bohachevsky,1
13,0.3,25,mf_Bohachevsky,1
14,0.5,25,mf_Bohachevsky,1
15,0.1,30,mf_Bohachevsky,1
16,0.3,30,mf_Bohachevsky,1
17,0.5,30,mf_Bohachevsky,1
18,0.1,35,mf_Bohachevsky,1
19,0.3,35,mf_Bohachevsky,1
20,0.5,35,mf_Bohachevsky,1
21,0.1,40,mf_Bohachevsky,1
22,0.3,40,mf_Bohachevsky,1
23,0.5,40,mf_Bohachevsky,1
24,0.1,45,mf_Bohachevsky,1
25,0.3,45,mf_Bohachevsky,1
26,0.5,45,mf_Bohachevsky,1
27,0.1,50,mf_Bohachevsky,1
28,0.3,50,mf_Bohachevsky,1
29,0.5,50,mf_Bohachevsky,1
30,0.1,55,mf_Bohachevsky,1
31,0.3,55,mf_Bohachevsky,1
32,0.5,55,mf_Bohachevsky,1
33,0.1,60,mf_Bohachevsky,1
34,0.3,60,mf_Bohachevsky,1
35,0.5,60,mf_Bohachevsky,1
36,0.1,65,mf_Bohachevsky,1
37,0.3,65,mf_Bohachevsky,1
38,0.5,65,mf_Bohachevsky,1
39,0.1,70,mf_Bohachevsky,1
40,0.3,70,mf_Bohachevsky,1
41,0.5,70,mf_Bohachevsky,1
42,0.1,75,mf_Bohachevsky,1
43,0.3,75,mf_Bohachevsky,1
44,0.5,75,mf_Bohachevsky,1
45,0.1,80,mf_Bohachevsky,1
46,0.3,80,mf_Bohachevsky,1
47,0.5,80,mf_Bohachevsky,1
48,0.1,85,mf_Bohachevsky,1
49,0.3,85,mf_Bohachevsky,1
50,0.5,85,mf_Bohachevsky,1
51,0.1,90,mf_Bohachevsky,1
52,0.3,90,mf_Bohachevsky,1
53,0.5,90,mf_Bohachevsky,1
54,0.1,95,mf_Bohachevsky,1
55,0.3,95,mf_Bohachevsky,1
56,0.5,95,mf_Bohachevsky,1
57,0.1,100,mf_Bohachevsky,1
58,0.3,100,mf_Bohachevsky,1
59,0.5,100,mf_Bohachevsky,1
60,0.1,5,mf_Bohachevsky,2
61,0.3,5,mf_Bohachevsky,2
62,0.5,5,mf_Bohachevsky,2
63,0.1,10,mf_Bohachevsky,2
64,0.3,10,mf_Bohachevsky,2
65,0.5,10,mf_Bohachevsky,2
66,0.1,15,mf_Bohachevsky,2
67,0.3,15,mf_Bohachevsky,2
68,0.5,15,mf_Bohachevsky,2
69,0.1,20,mf_Bohachevsky,2
70,0.3,20,mf_Bohachevsky,2
71,0.5,20,mf_Bohachevsky,2
72,0.1,25,mf_Bohachevsky,2
73,0.3,25,mf_Bohachevsky,2
74,0.5,25,mf_Bohachevsky,2
75,0.1,30,mf_Bohachevsky,2
76,0.3,30,mf_Bohachevsky,2
77,0.5,30,mf_Bohachevsky,2
78,0.1,35,mf_Bohachevsky,2
79,0.3,35,mf_Bohachevsky,2
80,0.5,35,mf_Bohachevsky,2
81,0.1,40,mf_Bohachevsky,2
82,0.3,40,mf_Bohachevsky,2
83,0.5,40,mf_Bohachevsky,2
84,0.1,45,mf_Bohachevsky,2
85,0.3,45,mf_Bohachevsky,2
86,0.5,45,mf_Bohachevsky,2
87,0.1,50,mf_Bohachevsky,2
88,0.3,50,mf_Bohachevsky,2
89,0.5,50,mf_Bohachevsky,2
90,0.1,55,mf_Bohachevsky,2
91,0.3,55,mf_Bohachevsky,2
92,0.5,55,mf_Bohachevsky,2
93,0.1,60,mf_Bohachevsky,2
94,0.3,60,mf_Bohachevsky,2
95,0.5,60,mf_Bohachevsky,2
96,0.1,65,mf_Bohachevsky,2
97,0.3,65,mf_Bohachevsky,2
98,0.5,65,mf_Bohachevsky,2
99,0.1,70,mf_Bohachevsky,2
100,0.3,70,mf_Bohachevsky,2
101,0.5,70,mf_Bohachevsky,2
102,0.1,75,mf_Bohachevsky,2
103,0.3,75,mf_Bohachevsky,2
104,0.5,75,mf_Bohachevsky,2
105,0.1,80,mf_Bohachevsky,2
106,0.3,80,mf_Bohachevsky,2
107,0.5,80,mf_Bohachevsky,2
108,0.1,85,mf_Bohachevsky,2
109,0.3,85,mf_Bohachevsky,2
110,0.5,85,mf_Bohachevsky,2
111,0.1,90,mf_Bohachevsky,2
112,0.3,90,mf_Bohachevsky,2
113,0.5,90,mf_Bohachevsky,2
114,0.1,95,mf_Bohachevsky,2
115,0.3,95,mf_Bohachevsky,2
116,0.5,95,mf_Bohachevsky,2
117,0.1,100,mf_Bohachevsky,2
118,0.3,100,mf_Bohachevsky,2
119,0.5,100,mf_Bohachevsky,2
120,0.1,5,mf_Bohachevsky,3
121,0.3,5,mf_Bohachevsky,3
122,0.5,5,mf_Bohachevsky,3
123,0.1,10,mf_Bohachevsky,3
124,0.3,10,mf_Bohachevsky,3
125,0.5,10,mf_Bohachevsky,3
126,0.1,15,mf_Bohachevsky,3
127,0.3,15,mf_Bohachevsky,3
128,0.5,15,mf_Bohachevsky,3
129,0.1,20,mf_Bohachevsky,3
130,0.3,20,mf_Bohachevsky,3
131,0.5,20,mf_Bohachevsky,3
132,0.1,25,mf_Bohachevsky,3
133,0.3,25,mf_Bohachevsky,3
134,0.5,25,mf_Bohachevsky,3
135,0.1,30,mf_Bohachevsky,3
136,0.3,30,mf_Bohachevsky,3
137,0.5,30,mf_Bohachevsky,3
138,0.1,35,mf_Bohachevsky,3
139,0.3,35,mf_Bohachevsky,3
140,0.5,35,mf_Bohachevsky,3
141,0.1,40,mf_Bohachevsky,3
142,0.3,40,mf_Bohachevsky,3
143,0.5,40,mf_Bohachevsky,3
144,0.1,45,mf_Bohachevsky,3
145,0.3,45,mf_Bohachevsky,3
146,0.5,45,mf_Bohachevsky,3
147,0.1,50,mf_Bohachevsky,3
148,0.3,50,mf_Bohachevsky,3
149,0.5,50,mf_Bohachevsky,3
150,0.1,55,mf_Bohachevsky,3
151,0.3,55,mf_Bohachevsky,3
152,0.5,55,mf_Bohachevsky,3
153,0.1,60,mf_Bohachevsky,3
154,0.3,60,mf_Bohachevsky,3
155,0.5,60,mf_Bohachevsky,3
156,0.1,65,mf_Bohachevsky,3
157,0.3,65,mf_Bohachevsky,3
158,0.5,65,mf_Bohachevsky,3
159,0.1,70,mf_Bohachevsky,3
160,0.3,70,mf_Bohachevsky,3
161,0.5,70,mf_Bohachevsky,3
162,0.1,75,mf_Bohachevsky,3
163,0.3,75,mf_Bohachevsky,3
164,0.5,75,mf_Bohachevsky,3
165,0.1,80,mf_Bohachevsky,3
166,0.3,80,mf_Bohachevsky,3
167,0.5,80,mf_Bohachevsky,3
168,0.1,85,mf_Bohachevsky,3
169,0.3,85,mf_Bohachevsky,3
170,0.5,85,mf_Bohachevsky,3
171,0.1,90,mf_Bohachevsky,3
172,0.3,90,mf_Bohachevsky,3
173,0.5,90,mf_Bohachevsky,3
174,0.1,95,mf_Bohachevsky,3
175,0.3,95,mf_Bohachevsky,3
176,0.5,95,mf_Bohachevsky,3
177,0.1,100,mf_Bohachevsky,3
178,0.3,100,mf_Bohachevsky,3
179,0.5,100,mf_Bohachevsky,3
180,0.1,5,mf_Bohachevsky,4
181,0.3,5,mf_Bohachevsky,4
182,0.5,5,mf_Bohachevsky,4
183,0.1,10,mf_Bohachevsky,4
184,0.3,10,mf_Bohachevsky,4
185,0.5,10,mf_Bohachevsky,4
186,0.1,15,mf_Bohachevsky,4
187,0.3,15,mf_Bohachevsky,4
188,0.5,15,mf_Bohachevsky,4
189,0.1,20,mf_Bohachevsky,4
190,0.3,20,mf_Bohachevsky,4
191,0.5,20,mf_Bohachevsky,4
192,0.1,25,mf_Bohachevsky,4
193,0.3,25,mf_Bohachevsky,4
194,0.5,25,mf_Bohachevsky,4
195,0.1,30,mf_Bohachevsky,4
196,0.3,30,mf_Bohachevsky,4
197,0.5,30,mf_Bohachevsky,4
198,0.1,35,mf_Bohachevsky,4
199,0.3,35,mf_Bohachevsky,4
200,0.5,35,mf_Bohachevsky,4
201,0.1,40,mf_Bohachevsky,4
202,0.3,40,mf_Bohachevsky,4
203,0.5,40,mf_Bohachevsky,4
204,0.1,45,mf_Bohachevsky,4
205,0.3,45,mf_Bohachevsky,4
206,0.5,45,mf_Bohachevsky,4
207,0.1,50,mf_Bohachevsky,4
208,0.3,50,mf_Bohachevsky,4
209,0.5,50,mf_Bohachevsky,4
210,0.1,55,mf_Bohachevsky,4
211,0.3,55,mf_Bohachevsky,4
212,0.5,55,mf_Bohachevsky,4
213,0.1,60,mf_Bohachevsky,4
214,0.3,60,mf_Bohachevsky,4
215,0.5,60,mf_Bohachevsky,4
216,0.1,65,mf_Bohachevsky,4
217,0.3,65,mf_Bohachevsky,4
218,0.5,65,mf_Bohachevsky,4
219,0.1,70,mf_Bohachevsky,4
220,0.3,70,mf_Bohachevsky,4
221,0.5,70,mf_Bohachevsky,4
222,0.1,75,mf_Bohachevsky,4
223,0.3,75,mf_Bohachevsky,4
224,0.5,75,mf_Bohachevsky,4
225,0.1,80,mf_Bohachevsky,4
226,0.3,80,mf_Bohachevsky,4
227,0.5,80,mf_Bohachevsky,4
228,0.1,85,mf_Bohachevsky,4
229,0.3,85,mf_Bohachevsky,4
230,0.5,85,mf_Bohachevsky,4
231,0.1,90,mf_Bohachevsky,4
232,0.3,90,mf_Bohachevsky,4
233,0.5,90,mf_Bohachevsky,4
234,0.1,95,mf_Bohachevsky,4
235,0.3,95,mf_Bohachevsky,4
236,0.5,95,mf_Bohachevsky,4
237,0.1,100,mf_Bohachevsky,4
238,0.3,100,mf_Bohachevsky,4
239,0.5,100,mf_Bohachevsky,4
240,0.1,5,mf_Bohachevsky,5
241,0.3,5,mf_Bohachevsky,5
242,0.5,5,mf_Bohachevsky,5
243,0.1,10,mf_Bohachevsky,5
244,0.3,10,mf_Bohachevsky,5
245,0.5,10,mf_Bohachevsky,5
246,0.1,15,mf_Bohachevsky,5
247,0.3,15,mf_Bohachevsky,5
248,0.5,15,mf_Bohachevsky,5
249,0.1,20,mf_Bohachevsky,5
250,0.3,20,mf_Bohachevsky,5
251,0.5,20,mf_Bohachevsky,5
252,0.1,25,mf_Bohachevsky,5
253,0.3,25,mf_Bohachevsky,5
254,0.5,25,mf_Bohachevsky,5
255,0.1,30,mf_Bohachevsky,5
256,0.3,30,mf_Bohachevsky,5
257,0.5,30,mf_Bohachevsky,5
258,0.1,35,mf_Bohachevsky,5
259,0.3,35,mf_Bohachevsky,5
260,0.5,35,mf_Bohachevsky,5
261,0.1,40,mf_Bohachevsky,5
262,0.3,40,mf_Bohachevsky,5
263,0.5,40,mf_Bohachevsky,5
264,0.1,45,mf_Bohachevsky,5
265,0.3,45,mf_Bohachevsky,5
266,0.5,45,mf_Bohachevsky,5
267,0.1,50,mf_Bohachevsky,5
268,0.3,50,mf_Bohachevsky,5
269,0.5,50,mf_Bohachevsky,5
270,0.1,55,mf_Bohachevsky,5
271,0.3,55,mf_Bohachevsky,5
272,0.5,55,mf_Bohachevsky,5
273,0.1,60,mf_Bohachevsky,5
274,0.3,60,mf_Bohachevsky,5
275,0.5,60,mf_Bohachevsky,5
276,0.1,65,mf_Bohachevsky,5
277,0.3,65,mf_Bohachevsky,5
278,0.5,65,mf_Bohachevsky,5
279,0.1,70,mf_Bohachevsky,5
280,0.3,70,mf_Bohachevsky,5
281,0.5,70,mf_Bohachevsky,5
282,0.1,75,mf_Bohachevsky,5
283,0.3,75,mf_Bohachevsky,5
284,0.5,75,mf_Bohachevsky,5
285,0.1,80,mf_Bohachevsky,5
286,0.3,80,mf_Bohachevsky,5
287,0.5,80,mf_Bohachevsky,5
288,0.1,85,mf_Bohachevsky,5
289,0.3,85,mf_Bohachevsky,5
290,0.5,85,mf_Bohachevsky,5
291,0.1,90,mf_Bohachevsky,5
292,0.3,90,mf_Bohachevsky,5
293,0.5,90,mf_Bohachevsky,5
294,0.1,95,mf_Bohachevsky,5
295,0.3,95,mf_Bohachevsky,5
296,0.5,95,mf_Bohachevsky,5
297,0.1,100,mf_Bohachevsky,5
298,0.3,100,mf_Bohachevsky,5
299,0.5,100,mf_Bohachevsky,5
300,0.1,5,mf_Booth,1
301,0.3,5,mf_Booth,1
302,0.5,5,mf_Booth,1
303,0.1,10,mf_Booth,1
304,0.3,10,mf_Booth,1
305,0.5,10,mf_Booth,1
306,0.1,15,mf_Booth,1
307,0.3,15,mf_Booth,1
308,0.5,15,mf_Booth,1
309,0.1,20,mf_Booth,1
310,0.3,20,mf_Booth,1
311,0.5,20,mf_Booth,1
312,0.1,25,mf_Booth,1
313,0.3,25,mf_Booth,1
314,0.5,25,mf_Booth,1
315,0.1,30,mf_Booth,1
316,0.3,30,mf_Booth,1
317,0.5,30,mf_Booth,1
318,0.1,35,mf_Booth,1
319,0.3,35,mf_Booth,1
320,0.5,35,mf_Booth,1
321,0.1,40,mf_Booth,1
322,0.3,40,mf_Booth,1
323,0.5,40,mf_Booth,1
324,0.1,45,mf_Booth,1
325,0.3,45,mf_Booth,1
326,0.5,45,mf_Booth,1
327,0.1,50,mf_Booth,1
328,0.3,50,mf_Booth,1
329,0.5,50,mf_Booth,1
330,0.1,55,mf_Booth,1
331,0.3,55,mf_Booth,1
332,0.5,55,mf_Booth,1
333,0.1,60,mf_Booth,1
334,0.3,60,mf_Booth,1
335,0.5,60,mf_Booth,1
336,0.1,65,mf_Booth,1
337,0.3,65,mf_Booth,1
338,0.5,65,mf_Booth,1
339,0.1,70,mf_Booth,1
340,0.3,70,mf_Booth,1
341,0.5,70,mf_Booth,1
342,0.1,75,mf_Booth,1
343,0.3,75,mf_Booth,1
344,0.5,75,mf_Booth,1
345,0.1,80,mf_Booth,1
346,0.3,80,mf_Booth,1
347,0.5,80,mf_Booth,1
348,0.1,85,mf_Booth,1
349,0.3,85,mf_Booth,1
350,0.5,85,mf_Booth,1
351,0.1,90,mf_Booth,1
352,0.3,90,mf_Booth,1
353,0.5,90,mf_Booth,1
354,0.1,95,mf_Booth,1
355,0.3,95,mf_Booth,1
356,0.5,95,mf_Booth,1
357,0.1,100,mf_Booth,1
358,0.3,100,mf_Booth,1
359,0.5,100,mf_Booth,1
360,0.1,5,mf_Booth,2
361,0.3,5,mf_Booth,2
362,0.5,5,mf_Booth,2
363,0.1,10,mf_Booth,2
364,0.3,10,mf_Booth,2
365,0.5,10,mf_Booth,2
366,0.1,15,mf_Booth,2
367,0.3,15,mf_Booth,2
368,0.5,15,mf_Booth,2
369,0.1,20,mf_Booth,2
370,0.3,20,mf_Booth,2
371,0.5,20,mf_Booth,2
372,0.1,25,mf_Booth,2
373,0.3,25,mf_Booth,2
374,0.5,25,mf_Booth,2
375,0.1,30,mf_Booth,2
376,0.3,30,mf_Booth,2
377,0.5,30,mf_Booth,2
378,0.1,35,mf_Booth,2
379,0.3,35,mf_Booth,2
380,0.5,35,mf_Booth,2
381,0.1,40,mf_Booth,2
382,0.3,40,mf_Booth,2
383,0.5,40,mf_Booth,2
384,0.1,45,mf_Booth,2
385,0.3,45,mf_Booth,2
386,0.5,45,mf_Booth,2
387,0.1,50,mf_Booth,2
388,0.3,50,mf_Booth,2
389,0.5,50,mf_Booth,2
390,0.1,55,mf_Booth,2
391,0.3,55,mf_Booth,2
392,0.5,55,mf_Booth,2
393,0.1,60,mf_Booth,2
394,0.3,60,mf_Booth,2
395,0.5,60,mf_Booth,2
396,0.1,65,mf_Booth,2
397,0.3,65,mf_Booth,2
398,0.5,65,mf_Booth,2
399,0.1,70,mf_Booth,2
400,0.3,70,mf_Booth,2
401,0.5,70,mf_Booth,2
402,0.1,75,mf_Booth,2
403,0.3,75,mf_Booth,2
404,0.5,75,mf_Booth,2
405,0.1,80,mf_Booth,2
406,0.3,80,mf_Booth,2
407,0.5,80,mf_Booth,2
408,0.1,85,mf_Booth,2
409,0.3,85,mf_Booth,2
410,0.5,85,mf_Booth,2
411,0.1,90,mf_Booth,2
412,0.3,90,mf_Booth,2
413,0.5,90,mf_Booth,2
414,0.1,95,mf_Booth,2
415,0.3,95,mf_Booth,2
416,0.5,95,mf_Booth,2
417,0.1,100,mf_Booth,2
418,0.3,100,mf_Booth,2
419,0.5,100,mf_Booth,2
420,0.1,5,mf_Booth,3
421,0.3,5,mf_Booth,3
422,0.5,5,mf_Booth,3
423,0.1,10,mf_Booth,3
424,0.3,10,mf_Booth,3
425,0.5,10,mf_Booth,3
426,0.1,15,mf_Booth,3
427,0.3,15,mf_Booth,3
428,0.5,15,mf_Booth,3
429,0.1,20,mf_Booth,3
430,0.3,20,mf_Booth,3
431,0.5,20,mf_Booth,3
432,0.1,25,mf_Booth,3
433,0.3,25,mf_Booth,3
434,0.5,25,mf_Booth,3
435,0.1,30,mf_Booth,3
436,0.3,30,mf_Booth,3
437,0.5,30,mf_Booth,3
438,0.1,35,mf_Booth,3
439,0.3,35,mf_Booth,3
440,0.5,35,mf_Booth,3
441,0.1,40,mf_Booth,3
442,0.3,40,mf_Booth,3
443,0.5,40,mf_Booth,3
444,0.1,45,mf_Booth,3
445,0.3,45,mf_Booth,3
446,0.5,45,mf_Booth,3
447,0.1,50,mf_Booth,3
448,0.3,50,mf_Booth,3
449,0.5,50,mf_Booth,3
450,0.1,55,mf_Booth,3
451,0.3,55,mf_Booth,3
452,0.5,55,mf_Booth,3
453,0.1,60,mf_Booth,3
454,0.3,60,mf_Booth,3
455,0.5,60,mf_Booth,3
456,0.1,65,mf_Booth,3
457,0.3,65,mf_Booth,3
458,0.5,65,mf_Booth,3
459,0.1,70,mf_Booth,3
460,0.3,70,mf_Booth,3
461,0.5,70,mf_Booth,3
462,0.1,75,mf_Booth,3
463,0.3,75,mf_Booth,3
464,0.5,75,mf_Booth,3
465,0.1,80,mf_Booth,3
466,0.3,80,mf_Booth,3
467,0.5,80,mf_Booth,3
468,0.1,85,mf_Booth,3
469,0.3,85,mf_Booth,3
470,0.5,85,mf_Booth,3
471,0.1,90,mf_Booth,3
472,0.3,90,mf_Booth,3
473,0.5,90,mf_Booth,3
474,0.1,95,mf_Booth,3
475,0.3,95,mf_Booth,3
476,0.5,95,mf_Booth,3
477,0.1,100,mf_Booth,3
478,0.3,100,mf_Booth,3
479,0.5,100,mf_Booth,3
480,0.1,5,mf_Booth,4
481,0.3,5,mf_Booth,4
482,0.5,5,mf_Booth,4
483,0.1,10,mf_Booth,4
484,0.3,10,mf_Booth,4
485,0.5,10,mf_Booth,4
486,0.1,15,mf_Booth,4
487,0.3,15,mf_Booth,4
488,0.5,15,mf_Booth,4
489,0.1,20,mf_Booth,4
490,0.3,20,mf_Booth,4
491,0.5,20,mf_Booth,4
492,0.1,25,mf_Booth,4
493,0.3,25,mf_Booth,4
494,0.5,25,mf_Booth,4
495,0.1,30,mf_Booth,4
496,0.3,30,mf_Booth,4
497,0.5,30,mf_Booth,4
498,0.1,35,mf_Booth,4
499,0.3,35,mf_Booth,4
500,0.5,35,mf_Booth,4
501,0.1,40,mf_Booth,4
502,0.3,40,mf_Booth,4
503,0.5,40,mf_Booth,4
504,0.1,45,mf_Booth,4
505,0.3,45,mf_Booth,4
506,0.5,45,mf_Booth,4
507,0.1,50,mf_Booth,4
508,0.3,50,mf_Booth,4
509,0.5,50,mf_Booth,4
510,0.1,55,mf_Booth,4
511,0.3,55,mf_Booth,4
512,0.5,55,mf_Booth,4
513,0.1,60,mf_Booth,4
514,0.3,60,mf_Booth,4
515,0.5,60,mf_Booth,4
516,0.1,65,mf_Booth,4
517,0.3,65,mf_Booth,4
518,0.5,65,mf_Booth,4
519,0.1,70,mf_Booth,4
520,0.3,70,mf_Booth,4
521,0.5,70,mf_Booth,4
522,0.1,75,mf_Booth,4
523,0.3,75,mf_Booth,4
524,0.5,75,mf_Booth,4
525,0.1,80,mf_Booth,4
526,0.3,80,mf_Booth,4
527,0.5,80,mf_Booth,4
528,0.1,85,mf_Booth,4
529,0.3,85,mf_Booth,4
530,0.5,85,mf_Booth,4
531,0.1,90,mf_Booth,4
532,0.3,90,mf_Booth,4
533,0.5,90,mf_Booth,4
534,0.1,95,mf_Booth,4
535,0.3,95,mf_Booth,4
536,0.5,95,mf_Booth,4
537,0.1,100,mf_Booth,4
538,0.3,100,mf_Booth,4
539,0.5,100,mf_Booth,4
540,0.1,5,mf_Booth,5
541,0.3,5,mf_Booth,5
542,0.5,5,mf_Booth,5
543,0.1,10,mf_Booth,5
544,0.3,10,mf_Booth,5
545,0.5,10,mf_Booth,5
546,0.1,15,mf_Booth,5
547,0.3,15,mf_Booth,5
548,0.5,15,mf_Booth,5
549,0.1,20,mf_Booth,5
550,0.3,20,mf_Booth,5
551,0.5,20,mf_Booth,5
552,0.1,25,mf_Booth,5
553,0.3,25,mf_Booth,5
554,0.5,25,mf_Booth,5
555,0.1,30,mf_Booth,5
556,0.3,30,mf_Booth,5
557,0.5,30,mf_Booth,5
558,0.1,35,mf_Booth,5
559,0.3,35,mf_Booth,5
560,0.5,35,mf_Booth,5
561,0.1,40,mf_Booth,5
562,0.3,40,mf_Booth,5
563,0.5,40,mf_Booth,5
564,0.1,45,mf_Booth,5
565,0.3,45,mf_Booth,5
566,0.5,45,mf_Booth,5
567,0.1,50,mf_Booth,5
568,0.3,50,mf_Booth,5
569,0.5,50,mf_Booth,5
570,0.1,55,mf_Booth,5
571,0.3,55,mf_Booth,5
572,0.5,55,mf_Booth,5
573,0.1,60,mf_Booth,5
574,0.3,60,mf_Booth,5
575,0.5,60,mf_Booth,5
576,0.1,65,mf_Booth,5
577,0.3,65,mf_Booth,5
578,0.5,65,mf_Booth,5
579,0.1,70,mf_Booth,5
580,0.3,70,mf_Booth,5
581,0.5,70,mf_Booth,5
582,0.1,75,mf_Booth,5
583,0.3,75,mf_Booth,5
584,0.5,75,mf_Booth,5
585,0.1,80,mf_Booth,5
586,0.3,80,mf_Booth,5
587,0.5,80,mf_Booth,5
588,0.1,85,mf_Booth,5
589,0.3,85,mf_Booth,5
590,0.5,85,mf_Booth,5
591,0.1,90,mf_Booth,5
592,0.3,90,mf_Booth,5
593,0.5,90,mf_Booth,5
594,0.1,95,mf_Booth,5
595,0.3,95,mf_Booth,5
596,0.5,95,mf_Booth,5
597,0.1,100,mf_Booth,5
598,0.3,100,mf_Booth,5
599,0.5,100,mf_Booth,5
600,0.1,5,mf_Borehole,1
601,0.3,5,mf_Borehole,1
602,0.5,5,mf_Borehole,1
603,0.1,10,mf_Borehole,1
604,0.3,10,mf_Borehole,1
605,0.5,10,mf_Borehole,1
606,0.1,15,mf_Borehole,1
607,0.3,15,mf_Borehole,1
608,0.5,15,mf_Borehole,1
609,0.1,20,mf_Borehole,1
610,0.3,20,mf_Borehole,1
611,0.5,20,mf_Borehole,1
612,0.1,25,mf_Borehole,1
613,0.3,25,mf_Borehole,1
614,0.5,25,mf_Borehole,1
615,0.1,30,mf_Borehole,1
616,0.3,30,mf_Borehole,1
617,0.5,30,mf_Borehole,1
618,0.1,35,mf_Borehole,1
619,0.3,35,mf_Borehole,1
620,0.5,35,mf_Borehole,1
621,0.1,40,mf_Borehole,1
622,0.3,40,mf_Borehole,1
623,0.5,40,mf_Borehole,1
624,0.1,45,mf_Borehole,1
625,0.3,45,mf_Borehole,1
626,0.5,45,mf_Borehole,1
627,0.1,50,mf_Borehole,1
628,0.3,50,mf_Borehole,1
629,0.5,50,mf_Borehole,1
630,0.1,55,mf_Borehole,1
631,0.3,55,mf_Borehole,1
632,0.5,55,mf_Borehole,1
633,0.1,60,mf_Borehole,1
634,0.3,60,mf_Borehole,1
635,0.5,60,mf_Borehole,1
636,0.1,65,mf_Borehole,1
637,0.3,65,mf_Borehole,1
638,0.5,65,mf_Borehole,1
639,0.1,70,mf_Borehole,1
640,0.3,70,mf_Borehole,1
641,0.5,70,mf_Borehole,1
642,0.1,75,mf_Borehole,1
643,0.3,75,mf_Borehole,1
644,0.5,75,mf_Borehole,1
645,0.1,80,mf_Borehole,1
646,0.3,80,mf_Borehole,1
647,0.5,80,mf_Borehole,1
648,0.1,85,mf_Borehole,1
649,0.3,85,mf_Borehole,1
650,0.5,85,mf_Borehole,1
651,0.1,90,mf_Borehole,1
652,0.3,90,mf_Borehole,1
653,0.5,90,mf_Borehole,1
654,0.1,95,mf_Borehole,1
655,0.3,95,mf_Borehole,1
656,0.5,95,mf_Borehole,1
657,0.1,100,mf_Borehole,1
658,0.3,100,mf_Borehole,1
659,0.5,100,mf_Borehole,1
660,0.1,5,mf_Borehole,2
661,0.3,5,mf_Borehole,2
662,0.5,5,mf_Borehole,2
663,0.1,10,mf_Borehole,2
664,0.3,10,mf_Borehole,2
665,0.5,10,mf_Borehole,2
666,0.1,15,mf_Borehole,2
667,0.3,15,mf_Borehole,2
668,0.5,15,mf_Borehole,2
669,0.1,20,mf_Borehole,2
670,0.3,20,mf_Borehole,2
671,0.5,20,mf_Borehole,2
672,0.1,25,mf_Borehole,2
673,0.3,25,mf_Borehole,2
674,0.5,25,mf_Borehole,2
675,0.1,30,mf_Borehole,2
676,0.3,30,mf_Borehole,2
677,0.5,30,mf_Borehole,2
678,0.1,35,mf_Borehole,2
679,0.3,35,mf_Borehole,2
680,0.5,35,mf_Borehole,2
681,0.1,40,mf_Borehole,2
682,0.3,40,mf_Borehole,2
683,0.5,40,mf_Borehole,2
684,0.1,45,mf_Borehole,2
685,0.3,45,mf_Borehole,2
686,0.5,45,mf_Borehole,2
687,0.1,50,mf_Borehole,2
688,0.3,50,mf_Borehole,2
689,0.5,50,mf_Borehole,2
690,0.1,55,mf_Borehole,2
691,0.3,55,mf_Borehole,2
692,0.5,55,mf_Borehole,2
693,0.1,60,mf_Borehole,2
694,0.3,60,mf_Borehole,2
695,0.5,60,mf_Borehole,2
696,0.1,65,mf_Borehole,2
697,0.3,65,mf_Borehole,2
698,0.5,65,mf_Borehole,2
699,0.1,70,mf_Borehole,2
700,0.3,70,mf_Borehole,2
701,0.5,70,mf_Borehole,2
702,0.1,75,mf_Borehole,2
703,0.3,75,mf_Borehole,2
704,0.5,75,mf_Borehole,2
705,0.1,80,mf_Borehole,2
706,0.3,80,mf_Borehole,2
707,0.5,80,mf_Borehole,2
708,0.1,85,mf_Borehole,2
709,0.3,85,mf_Borehole,2
710,0.5,85,mf_Borehole,2
711,0.1,90,mf_Borehole,2
712,0.3,90,mf_Borehole,2
713,0.5,90,mf_Borehole,2
714,0.1,95,mf_Borehole,2
715,0.3,95,mf_Borehole,2
716,0.5,95,mf_Borehole,2
717,0.1,100,mf_Borehole,2
718,0.3,100,mf_Borehole,2
719,0.5,100,mf_Borehole,2
720,0.1,5,mf_Borehole,3
721,0.3,5,mf_Borehole,3
722,0.5,5,mf_Borehole,3
723,0.1,10,mf_Borehole,3
724,0.3,10,mf_Borehole,3
725,0.5,10,mf_Borehole,3
726,0.1,15,mf_Borehole,3
727,0.3,15,mf_Borehole,3
728,0.5,15,mf_Borehole,3
729,0.1,20,mf_Borehole,3
730,0.3,20,mf_Borehole,3
731,0.5,20,mf_Borehole,3
732,0.1,25,mf_Borehole,3
733,0.3,25,mf_Borehole,3
734,0.5,25,mf_Borehole,3
735,0.1,30,mf_Borehole,3
736,0.3,30,mf_Borehole,3
737,0.5,30,mf_Borehole,3
738,0.1,35,mf_Borehole,3
739,0.3,35,mf_Borehole,3
740,0.5,35,mf_Borehole,3
741,0.1,40,mf_Borehole,3
742,0.3,40,mf_Borehole,3
743,0.5,40,mf_Borehole,3
744,0.1,45,mf_Borehole,3
745,0.3,45,mf_Borehole,3
746,0.5,45,mf_Borehole,3
747,0.1,50,mf_Borehole,3
748,0.3,50,mf_Borehole,3
749,0.5,50,mf_Borehole,3
750,0.1,55,mf_Borehole,3
751,0.3,55,mf_Borehole,3
752,0.5,55,mf_Borehole,3
753,0.1,60,mf_Borehole,3
754,0.3,60,mf_Borehole,3
755,0.5,60,mf_Borehole,3
756,0.1,65,mf_Borehole,3
757,0.3,65,mf_Borehole,3
758,0.5,65,mf_Borehole,3
759,0.1,70,mf_Borehole,3
760,0.3,70,mf_Borehole,3
761,0.5,70,mf_Borehole,3
762,0.1,75,mf_Borehole,3
763,0.3,75,mf_Borehole,3
764,0.5,75,mf_Borehole,3
765,0.1,80,mf_Borehole,3
766,0.3,80,mf_Borehole,3
767,0.5,80,mf_Borehole,3
768,0.1,85,mf_Borehole,3
769,0.3,85,mf_Borehole,3
770,0.5,85,mf_Borehole,3
771,0.1,90,mf_Borehole,3
772,0.3,90,mf_Borehole,3
773,0.5,90,mf_Borehole,3
774,0.1,95,mf_Borehole,3
775,0.3,95,mf_Borehole,3
776,0.5,95,mf_Borehole,3
777,0.1,100,mf_Borehole,3
778,0.3,100,mf_Borehole,3
779,0.5,100,mf_Borehole,3
780,0.1,5,mf_Borehole,4
781,0.3,5,mf_Borehole,4
782,0.5,5,mf_Borehole,4
783,0.1,10,mf_Borehole,4
784,0.3,10,mf_Borehole,4
785,0.5,10,mf_Borehole,4
786,0.1,15,mf_Borehole,4
787,0.3,15,mf_Borehole,4
788,0.5,15,mf_Borehole,4
789,0.1,20,mf_Borehole,4
790,0.3,20,mf_Borehole,4
791,0.5,20,mf_Borehole,4
792,0.1,25,mf_Borehole,4
793,0.3,25,mf_Borehole,4
794,0.5,25,mf_Borehole,4
795,0.1,30,mf_Borehole,4
796,0.3,30,mf_Borehole,4
797,0.5,30,mf_Borehole,4
798,0.1,35,mf_Borehole,4
799,0.3,35,mf_Borehole,4
800,0.5,35,mf_Borehole,4
801,0.1,40,mf_Borehole,4
802,0.3,40,mf_Borehole,4
803,0.5,40,mf_Borehole,4
804,0.1,45,mf_Borehole,4
805,0.3,45,mf_Borehole,4
806,0.5,45,mf_Borehole,4
807,0.1,50,mf_Borehole,4
808,0.3,50,mf_Borehole,4
809,0.5,50,mf_Borehole,4
810,0.1,55,mf_Borehole,4
811,0.3,55,mf_Borehole,4
812,0.5,55,mf_Borehole,4
813,0.1,60,mf_Borehole,4
814,0.3,60,mf_Borehole,4
815,0.5,60,mf_Borehole,4
816,0.1,65,mf_Borehole,4
817,0.3,65,mf_Borehole,4
818,0.5,65,mf_Borehole,4
819,0.1,70,mf_Borehole,4
820,0.3,70,mf_Borehole,4
821,0.5,70,mf_Borehole,4
822,0.1,75,mf_Borehole,4
823,0.3,75,mf_Borehole,4
824,0.5,75,mf_Borehole,4
825,0.1,80,mf_Borehole,4
826,0.3,80,mf_Borehole,4
827,0.5,80,mf_Borehole,4
828,0.1,85,mf_Borehole,4
829,0.3,85,mf_Borehole,4
830,0.5,85,mf_Borehole,4
831,0.1,90,mf_Borehole,4
832,0.3,90,mf_Borehole,4
833,0.5,90,mf_Borehole,4
834,0.1,95,mf_Borehole,4
835,0.3,95,mf_Borehole,4
836,0.5,95,mf_Borehole,4
837,0.1,100,mf_Borehole,4
838,0.3,100,mf_Borehole,4
839,0.5,100,mf_Borehole,4
840,0.1,5,mf_Borehole,5
841,0.3,5,mf_Borehole,5
842,0.5,5,mf_Borehole,5
843,0.1,10,mf_Borehole,5
844,0.3,10,mf_Borehole,5
845,0.5,10,mf_Borehole,5
846,0.1,15,mf_Borehole,5
847,0.3,15,mf_Borehole,5
848,0.5,15,mf_Borehole,5
849,0.1,20,mf_Borehole,5
850,0.3,20,mf_Borehole,5
851,0.5,20,mf_Borehole,5
852,0.1,25,mf_Borehole,5
853,0.3,25,mf_Borehole,5
854,0.5,25,mf_Borehole,5
855,0.1,30,mf_Borehole,5
856,0.3,30,mf_Borehole,5
857,0.5,30,mf_Borehole,5
858,0.1,35,mf_Borehole,5
859,0.3,35,mf_Borehole,5
860,0.5,35,mf_Borehole,5
861,0.1,40,mf_Borehole,5
862,0.3,40,mf_Borehole,5
863,0.5,40,mf_Borehole,5
864,0.1,45,mf_Borehole,5
865,0.3,45,mf_Borehole,5
866,0.5,45,mf_Borehole,5
867,0.1,50,mf_Borehole,5
868,0.3,50,mf_Borehole,5
869,0.5,50,mf_Borehole,5
870,0.1,55,mf_Borehole,5
871,0.3,55,mf_Borehole,5
872,0.5,55,mf_Borehole,5
873,0.1,60,mf_Borehole,5
874,0.3,60,mf_Borehole,5
875,0.5,60,mf_Borehole,5
876,0.1,65,mf_Borehole,5
877,0.3,65,mf_Borehole,5
878,0.5,65,mf_Borehole,5
879,0.1,70,mf_Borehole,5
880,0.3,70,mf_Borehole,5
881,0.5,70,mf_Borehole,5
882,0.1,75,mf_Borehole,5
883,0.3,75,mf_Borehole,5
884,0.5,75,mf_Borehole,5
885,0.1,80,mf_Borehole,5
886,0.3,80,mf_Borehole,5
887,0.5,80,mf_Borehole,5
888,0.1,85,mf_Borehole,5
889,0.3,85,mf_Borehole,5
890,0.5,85,mf_Borehole,5
891,0.1,90,mf_Borehole,5
892,0.3,90,mf_Borehole,5
893,0.5,90,mf_Borehole,5
894,0.1,95,mf_Borehole,5
895,0.3,95,mf_Borehole,5
896,0.5,95,mf_Borehole,5
897,0.1,100,mf_Borehole,5
898,0.3,100,mf_Borehole,5
899,0.5,100,mf_Borehole,5
900,0.1,5,mf_CurrinExp,1
901,0.3,5,mf_CurrinExp,1
902,0.5,5,mf_CurrinExp,1
903,0.1,10,mf_CurrinExp,1
904,0.3,10,mf_CurrinExp,1
905,0.5,10,mf_CurrinExp,1
906,0.1,15,mf_CurrinExp,1
907,0.3,15,mf_CurrinExp,1
908,0.5,15,mf_CurrinExp,1
909,0.1,20,mf_CurrinExp,1
910,0.3,20,mf_CurrinExp,1
911,0.5,20,mf_CurrinExp,1
912,0.1,25,mf_CurrinExp,1
913,0.3,25,mf_CurrinExp,1
914,0.5,25,mf_CurrinExp,1
915,0.1,30,mf_CurrinExp,1
916,0.3,30,mf_CurrinExp,1
917,0.5,30,mf_CurrinExp,1
918,0.1,35,mf_CurrinExp,1
919,0.3,35,mf_CurrinExp,1
920,0.5,35,mf_CurrinExp,1
921,0.1,40,mf_CurrinExp,1
922,0.3,40,mf_CurrinExp,1
923,0.5,40,mf_CurrinExp,1
924,0.1,45,mf_CurrinExp,1
925,0.3,45,mf_CurrinExp,1
926,0.5,45,mf_CurrinExp,1
927,0.1,50,mf_CurrinExp,1
928,0.3,50,mf_CurrinExp,1
929,0.5,50,mf_CurrinExp,1
930,0.1,55,mf_CurrinExp,1
931,0.3,55,mf_CurrinExp,1
932,0.5,55,mf_CurrinExp,1
933,0.1,60,mf_CurrinExp,1
934,0.3,60,mf_CurrinExp,1
935,0.5,60,mf_CurrinExp,1
936,0.1,65,mf_CurrinExp,1
937,0.3,65,mf_CurrinExp,1
938,0.5,65,mf_CurrinExp,1
939,0.1,70,mf_CurrinExp,1
940,0.3,70,mf_CurrinExp,1
941,0.5,70,mf_CurrinExp,1
942,0.1,75,mf_CurrinExp,1
943,0.3,75,mf_CurrinExp,1
944,0.5,75,mf_CurrinExp,1
945,0.1,80,mf_CurrinExp,1
946,0.3,80,mf_CurrinExp,1
947,0.5,80,mf_CurrinExp,1
948,0.1,85,mf_CurrinExp,1
949,0.3,85,mf_CurrinExp,1
950,0.5,85,mf_CurrinExp,1
951,0.1,90,mf_CurrinExp,1
952,0.3,90,mf_CurrinExp,1
953,0.5,90,mf_CurrinExp,1
954,0.1,95,mf_CurrinExp,1
955,0.3,95,mf_CurrinExp,1
956,0.5,95,mf_CurrinExp,1
957,0.1,100,mf_CurrinExp,1
958,0.3,100,mf_CurrinExp,1
959,0.5,100,mf_CurrinExp,1
960,0.1,5,mf_CurrinExp,2
961,0.3,5,mf_CurrinExp,2
962,0.5,5,mf_CurrinExp,2
963,0.1,10,mf_CurrinExp,2
964,0.3,10,mf_CurrinExp,2
965,0.5,10,mf_CurrinExp,2
966,0.1,15,mf_CurrinExp,2
967,0.3,15,mf_CurrinExp,2
968,0.5,15,mf_CurrinExp,2
969,0.1,20,mf_CurrinExp,2
970,0.3,20,mf_CurrinExp,2
971,0.5,20,mf_CurrinExp,2
972,0.1,25,mf_CurrinExp,2
973,0.3,25,mf_CurrinExp,2
974,0.5,25,mf_CurrinExp,2
975,0.1,30,mf_CurrinExp,2
976,0.3,30,mf_CurrinExp,2
977,0.5,30,mf_CurrinExp,2
978,0.1,35,mf_CurrinExp,2
979,0.3,35,mf_CurrinExp,2
980,0.5,35,mf_CurrinExp,2
981,0.1,40,mf_CurrinExp,2
982,0.3,40,mf_CurrinExp,2
983,0.5,40,mf_CurrinExp,2
984,0.1,45,mf_CurrinExp,2
985,0.3,45,mf_CurrinExp,2
986,0.5,45,mf_CurrinExp,2
987,0.1,50,mf_CurrinExp,2
988,0.3,50,mf_CurrinExp,2
989,0.5,50,mf_CurrinExp,2
990,0.1,55,mf_CurrinExp,2
991,0.3,55,mf_CurrinExp,2
992,0.5,55,mf_CurrinExp,2
993,0.1,60,mf_CurrinExp,2
994,0.3,60,mf_CurrinExp,2
995,0.5,60,mf_CurrinExp,2
996,0.1,65,mf_CurrinExp,2
997,0.3,65,mf_CurrinExp,2
998,0.5,65,mf_CurrinExp,2
999,0.1,70,mf_CurrinExp,2
1000,0.3,70,mf_CurrinExp,2
1001,0.5,70,mf_CurrinExp,2
1002,0.1,75,mf_CurrinExp,2
1003,0.3,75,mf_CurrinExp,2
1004,0.5,75,mf_CurrinExp,2
1005,0.1,80,mf_CurrinExp,2
1006,0.3,80,mf_CurrinExp,2
1007,0.5,80,mf_CurrinExp,2
1008,0.1,85,mf_CurrinExp,2
1009,0.3,85,mf_CurrinExp,2
1010,0.5,85,mf_CurrinExp,2
1011,0.1,90,mf_CurrinExp,2
1012,0.3,90,mf_CurrinExp,2
1013,0.5,90,mf_CurrinExp,2
1014,0.1,95,mf_CurrinExp,2
1015,0.3,95,mf_CurrinExp,2
1016,0.5,95,mf_CurrinExp,2
1017,0.1,100,mf_CurrinExp,2
1018,0.3,100,mf_CurrinExp,2
1019,0.5,100,mf_CurrinExp,2
1020,0.1,5,mf_CurrinExp,3
1021,0.3,5,mf_CurrinExp,3
1022,0.5,5,mf_CurrinExp,3
1023,0.1,10,mf_CurrinExp,3
1024,0.3,10,mf_CurrinExp,3
1025,0.5,10,mf_CurrinExp,3
1026,0.1,15,mf_CurrinExp,3
1027,0.3,15,mf_CurrinExp,3
1028,0.5,15,mf_CurrinExp,3
1029,0.1,20,mf_CurrinExp,3
1030,0.3,20,mf_CurrinExp,3
1031,0.5,20,mf_CurrinExp,3
1032,0.1,25,mf_CurrinExp,3
1033,0.3,25,mf_CurrinExp,3
1034,0.5,25,mf_CurrinExp,3
1035,0.1,30,mf_CurrinExp,3
1036,0.3,30,mf_CurrinExp,3
1037,0.5,30,mf_CurrinExp,3
1038,0.1,35,mf_CurrinExp,3
1039,0.3,35,mf_CurrinExp,3
1040,0.5,35,mf_CurrinExp,3
1041,0.1,40,mf_CurrinExp,3
1042,0.3,40,mf_CurrinExp,3
1043,0.5,40,mf_CurrinExp,3
1044,0.1,45,mf_CurrinExp,3
1045,0.3,45,mf_CurrinExp,3
1046,0.5,45,mf_CurrinExp,3
1047,0.1,50,mf_CurrinExp,3
1048,0.3,50,mf_CurrinExp,3
1049,0.5,50,mf_CurrinExp,3
1050,0.1,55,mf_CurrinExp,3
1051,0.3,55,mf_CurrinExp,3
1052,0.5,55,mf_CurrinExp,3
1053,0.1,60,mf_CurrinExp,3
1054,0.3,60,mf_CurrinExp,3
1055,0.5,60,mf_CurrinExp,3
1056,0.1,65,mf_CurrinExp,3
1057,0.3,65,mf_CurrinExp,3
1058,0.5,65,mf_CurrinExp,3
1059,0.1,70,mf_CurrinExp,3
1060,0.3,70,mf_CurrinExp,3
1061,0.5,70,mf_CurrinExp,3
1062,0.1,75,mf_CurrinExp,3
1063,0.3,75,mf_CurrinExp,3
1064,0.5,75,mf_CurrinExp,3
1065,0.1,80,mf_CurrinExp,3
1066,0.3,80,mf_CurrinExp,3
1067,0.5,80,mf_CurrinExp,3
1068,0.1,85,mf_CurrinExp,3
1069,0.3,85,mf_CurrinExp,3
1070,0.5,85,mf_CurrinExp,3
1071,0.1,90,mf_CurrinExp,3
1072,0.3,90,mf_CurrinExp,3
1073,0.5,90,mf_CurrinExp,3
1074,0.1,95,mf_CurrinExp,3
1075,0.3,95,mf_CurrinExp,3
1076,0.5,95,mf_CurrinExp,3
1077,0.1,100,mf_CurrinExp,3
1078,0.3,100,mf_CurrinExp,3
1079,0.5,100,mf_CurrinExp,3
1080,0.1,5,mf_CurrinExp,4
1081,0.3,5,mf_CurrinExp,4
1082,0.5,5,mf_CurrinExp,4
1083,0.1,10,mf_CurrinExp,4
1084,0.3,10,mf_CurrinExp,4
1085,0.5,10,mf_CurrinExp,4
1086,0.1,15,mf_CurrinExp,4
1087,0.3,15,mf_CurrinExp,4
1088,0.5,15,mf_CurrinExp,4
1089,0.1,20,mf_CurrinExp,4
1090,0.3,20,mf_CurrinExp,4
1091,0.5,20,mf_CurrinExp,4
1092,0.1,25,mf_CurrinExp,4
1093,0.3,25,mf_CurrinExp,4
1094,0.5,25,mf_CurrinExp,4
1095,0.1,30,mf_CurrinExp,4
1096,0.3,30,mf_CurrinExp,4
1097,0.5,30,mf_CurrinExp,4
1098,0.1,35,mf_CurrinExp,4
1099,0.3,35,mf_CurrinExp,4
1100,0.5,35,mf_CurrinExp,4
1101,0.1,40,mf_CurrinExp,4
1102,0.3,40,mf_CurrinExp,4
1103,0.5,40,mf_CurrinExp,4
1104,0.1,45,mf_CurrinExp,4
1105,0.3,45,mf_CurrinExp,4
1106,0.5,45,mf_CurrinExp,4
1107,0.1,50,mf_CurrinExp,4
1108,0.3,50,mf_CurrinExp,4
1109,0.5,50,mf_CurrinExp,4
1110,0.1,55,mf_CurrinExp,4
1111,0.3,55,mf_CurrinExp,4
1112,0.5,55,mf_CurrinExp,4
1113,0.1,60,mf_CurrinExp,4
1114,0.3,60,mf_CurrinExp,4
1115,0.5,60,mf_CurrinExp,4
1116,0.1,65,mf_CurrinExp,4
1117,0.3,65,mf_CurrinExp,4
1118,0.5,65,mf_CurrinExp,4
1119,0.1,70,mf_CurrinExp,4
1120,0.3,70,mf_CurrinExp,4
1121,0.5,70,mf_CurrinExp,4
1122,0.1,75,mf_CurrinExp,4
1123,0.3,75,mf_CurrinExp,4
1124,0.5,75,mf_CurrinExp,4
1125,0.1,80,mf_CurrinExp,4
1126,0.3,80,mf_CurrinExp,4
1127,0.5,80,mf_CurrinExp,4
1128,0.1,85,mf_CurrinExp,4
1129,0.3,85,mf_CurrinExp,4
1130,0.5,85,mf_CurrinExp,4
1131,0.1,90,mf_CurrinExp,4
1132,0.3,90,mf_CurrinExp,4
1133,0.5,90,mf_CurrinExp,4
1134,0.1,95,mf_CurrinExp,4
1135,0.3,95,mf_CurrinExp,4
1136,0.5,95,mf_CurrinExp,4
1137,0.1,100,mf_CurrinExp,4
1138,0.3,100,mf_CurrinExp,4
1139,0.5,100,mf_CurrinExp,4
1140,0.1,5,mf_CurrinExp,5
1141,0.3,5,mf_CurrinExp,5
1142,0.5,5,mf_CurrinExp,5
1143,0.1,10,mf_CurrinExp,5
1144,0.3,10,mf_CurrinExp,5
1145,0.5,10,mf_CurrinExp,5
1146,0.1,15,mf_CurrinExp,5
1147,0.3,15,mf_CurrinExp,5
1148,0.5,15,mf_CurrinExp,5
1149,0.1,20,mf_CurrinExp,5
1150,0.3,20,mf_CurrinExp,5
1151,0.5,20,mf_CurrinExp,5
1152,0.1,25,mf_CurrinExp,5
1153,0.3,25,mf_CurrinExp,5
1154,0.5,25,mf_CurrinExp,5
1155,0.1,30,mf_CurrinExp,5
1156,0.3,30,mf_CurrinExp,5
1157,0.5,30,mf_CurrinExp,5
1158,0.1,35,mf_CurrinExp,5
1159,0.3,35,mf_CurrinExp,5
1160,0.5,35,mf_CurrinExp,5
1161,0.1,40,mf_CurrinExp,5
1162,0.3,40,mf_CurrinExp,5
1163,0.5,40,mf_CurrinExp,5
1164,0.1,45,mf_CurrinExp,5
1165,0.3,45,mf_CurrinExp,5
1166,0.5,45,mf_CurrinExp,5
1167,0.1,50,mf_CurrinExp,5
1168,0.3,50,mf_CurrinExp,5
1169,0.5,50,mf_CurrinExp,5
1170,0.1,55,mf_CurrinExp,5
1171,0.3,55,mf_CurrinExp,5
1172,0.5,55,mf_CurrinExp,5
1173,0.1,60,mf_CurrinExp,5
1174,0.3,60,mf_CurrinExp,5
1175,0.5,60,mf_CurrinExp,5
1176,0.1,65,mf_CurrinExp,5
1177,0.3,65,mf_CurrinExp,5
1178,0.5,65,mf_CurrinExp,5
1179,0.1,70,mf_CurrinExp,5
1180,0.3,70,mf_CurrinExp,5
1181,0.5,70,mf_CurrinExp,5
1182,0.1,75,mf_CurrinExp,5
1183,0.3,75,mf_CurrinExp,5
1184,0.5,75,mf_CurrinExp,5
1185,0.1,80,mf_CurrinExp,5
1186,0.3,80,mf_CurrinExp,5
1187,0.5,80,mf_CurrinExp,5
1188,0.1,85,mf_CurrinExp,5
1189,0.3,85,mf_CurrinExp,5
1190,0.5,85,mf_CurrinExp,5
1191,0.1,90,mf_CurrinExp,5
1192,0.3,90,mf_CurrinExp,5
1193,0.5,90,mf_CurrinExp,5
1194,0.1,95,mf_CurrinExp,5
1195,0.3,95,mf_CurrinExp,5
1196,0.5,95,mf_CurrinExp,5
1197,0.1,100,mf_CurrinExp,5
1198,0.3,100,mf_CurrinExp,5
1199,0.5,100,mf_CurrinExp,5
1200,0.1,5,mf_Hartman3,1
1201,0.3,5,mf_Hartman3,1
1202,0.5,5,mf_Hartman3,1
1203,0.1,10,mf_Hartman3,1
1204,0.3,10,mf_Hartman3,1
1205,0.5,10,mf_Hartman3,1
1206,0.1,15,mf_Hartman3,1
1207,0.3,15,mf_Hartman3,1
1208,0.5,15,mf_Hartman3,1
1209,0.1,20,mf_Hartman3,1
1210,0.3,20,mf_Hartman3,1
1211,0.5,20,mf_Hartman3,1
1212,0.1,25,mf_Hartman3,1
1213,0.3,25,mf_Hartman3,1
1214,0.5,25,mf_Hartman3,1
1215,0.1,30,mf_Hartman3,1
1216,0.3,30,mf_Hartman3,1
1217,0.5,30,mf_Hartman3,1
1218,0.1,35,mf_Hartman3,1
1219,0.3,35,mf_Hartman3,1
1220,0.5,35,mf_Hartman3,1
1221,0.1,40,mf_Hartman3,1
1222,0.3,40,mf_Hartman3,1
1223,0.5,40,mf_Hartman3,1
1224,0.1,45,mf_Hartman3,1
1225,0.3,45,mf_Hartman3,1
1226,0.5,45,mf_Hartman3,1
1227,0.1,50,mf_Hartman3,1
1228,0.3,50,mf_Hartman3,1
1229,0.5,50,mf_Hartman3,1
1230,0.1,55,mf_Hartman3,1
1231,0.3,55,mf_Hartman3,1
1232,0.5,55,mf_Hartman3,1
1233,0.1,60,mf_Hartman3,1
1234,0.3,60,mf_Hartman3,1
1235,0.5,60,mf_Hartman3,1
1236,0.1,65,mf_Hartman3,1
1237,0.3,65,mf_Hartman3,1
1238,0.5,65,mf_Hartman3,1
1239,0.1,70,mf_Hartman3,1
1240,0.3,70,mf_Hartman3,1
1241,0.5,70,mf_Hartman3,1
1242,0.1,75,mf_Hartman3,1
1243,0.3,75,mf_Hartman3,1
1244,0.5,75,mf_Hartman3,1
1245,0.1,80,mf_Hartman3,1
1246,0.3,80,mf_Hartman3,1
1247,0.5,80,mf_Hartman3,1
1248,0.1,85,mf_Hartman3,1
1249,0.3,85,mf_Hartman3,1
1250,0.5,85,mf_Hartman3,1
1251,0.1,90,mf_Hartman3,1
1252,0.3,90,mf_Hartman3,1
1253,0.5,90,mf_Hartman3,1
1254,0.1,95,mf_Hartman3,1
1255,0.3,95,mf_Hartman3,1
1256,0.5,95,mf_Hartman3,1
1257,0.1,100,mf_Hartman3,1
1258,0.3,100,mf_Hartman3,1
1259,0.5,100,mf_Hartman3,1
1260,0.1,5,mf_Hartman3,2
1261,0.3,5,mf_Hartman3,2
1262,0.5,5,mf_Hartman3,2
1263,0.1,10,mf_Hartman3,2
1264,0.3,10,mf_Hartman3,2
1265,0.5,10,mf_Hartman3,2
1266,0.1,15,mf_Hartman3,2
1267,0.3,15,mf_Hartman3,2
1268,0.5,15,mf_Hartman3,2
1269,0.1,20,mf_Hartman3,2
1270,0.3,20,mf_Hartman3,2
1271,0.5,20,mf_Hartman3,2
1272,0.1,25,mf_Hartman3,2
1273,0.3,25,mf_Hartman3,2
1274,0.5,25,mf_Hartman3,2
1275,0.1,30,mf_Hartman3,2
1276,0.3,30,mf_Hartman3,2
1277,0.5,30,mf_Hartman3,2
1278,0.1,35,mf_Hartman3,2
1279,0.3,35,mf_Hartman3,2
1280,0.5,35,mf_Hartman3,2
1281,0.1,40,mf_Hartman3,2
1282,0.3,40,mf_Hartman3,2
1283,0.5,40,mf_Hartman3,2
1284,0.1,45,mf_Hartman3,2
1285,0.3,45,mf_Hartman3,2
1286,0.5,45,mf_Hartman3,2
1287,0.1,50,mf_Hartman3,2
1288,0.3,50,mf_Hartman3,2
1289,0.5,50,mf_Hartman3,2
1290,0.1,55,mf_Hartman3,2
1291,0.3,55,mf_Hartman3,2
1292,0.5,55,mf_Hartman3,2
1293,0.1,60,mf_Hartman3,2
1294,0.3,60,mf_Hartman3,2
1295,0.5,60,mf_Hartman3,2
1296,0.1,65,mf_Hartman3,2
1297,0.3,65,mf_Hartman3,2
1298,0.5,65,mf_Hartman3,2
1299,0.1,70,mf_Hartman3,2
1300,0.3,70,mf_Hartman3,2
1301,0.5,70,mf_Hartman3,2
1302,0.1,75,mf_Hartman3,2
1303,0.3,75,mf_Hartman3,2
1304,0.5,75,mf_Hartman3,2
1305,0.1,80,mf_Hartman3,2
1306,0.3,80,mf_Hartman3,2
1307,0.5,80,mf_Hartman3,2
1308,0.1,85,mf_Hartman3,2
1309,0.3,85,mf_Hartman3,2
1310,0.5,85,mf_Hartman3,2
1311,0.1,90,mf_Hartman3,2
1312,0.3,90,mf_Hartman3,2
1313,0.5,90,mf_Hartman3,2
1314,0.1,95,mf_Hartman3,2
1315,0.3,95,mf_Hartman3,2
1316,0.5,95,mf_Hartman3,2
1317,0.1,100,mf_Hartman3,2
1318,0.3,100,mf_Hartman3,2
1319,0.5,100,mf_Hartman3,2
1320,0.1,5,mf_Hartman3,3
1321,0.3,5,mf_Hartman3,3
1322,0.5,5,mf_Hartman3,3
1323,0.1,10,mf_Hartman3,3
1324,0.3,10,mf_Hartman3,3
1325,0.5,10,mf_Hartman3,3
1326,0.1,15,mf_Hartman3,3
1327,0.3,15,mf_Hartman3,3
1328,0.5,15,mf_Hartman3,3
1329,0.1,20,mf_Hartman3,3
1330,0.3,20,mf_Hartman3,3
1331,0.5,20,mf_Hartman3,3
1332,0.1,25,mf_Hartman3,3
1333,0.3,25,mf_Hartman3,3
1334,0.5,25,mf_Hartman3,3
1335,0.1,30,mf_Hartman3,3
1336,0.3,30,mf_Hartman3,3
1337,0.5,30,mf_Hartman3,3
1338,0.1,35,mf_Hartman3,3
1339,0.3,35,mf_Hartman3,3
1340,0.5,35,mf_Hartman3,3
1341,0.1,40,mf_Hartman3,3
1342,0.3,40,mf_Hartman3,3
1343,0.5,40,mf_Hartman3,3
1344,0.1,45,mf_Hartman3,3
1345,0.3,45,mf_Hartman3,3
1346,0.5,45,mf_Hartman3,3
1347,0.1,50,mf_Hartman3,3
1348,0.3,50,mf_Hartman3,3
1349,0.5,50,mf_Hartman3,3
1350,0.1,55,mf_Hartman3,3
1351,0.3,55,mf_Hartman3,3
1352,0.5,55,mf_Hartman3,3
1353,0.1,60,mf_Hartman3,3
1354,0.3,60,mf_Hartman3,3
1355,0.5,60,mf_Hartman3,3
1356,0.1,65,mf_Hartman3,3
1357,0.3,65,mf_Hartman3,3
1358,0.5,65,mf_Hartman3,3
1359,0.1,70,mf_Hartman3,3
1360,0.3,70,mf_Hartman3,3
1361,0.5,70,mf_Hartman3,3
1362,0.1,75,mf_Hartman3,3
1363,0.3,75,mf_Hartman3,3
1364,0.5,75,mf_Hartman3,3
1365,0.1,80,mf_Hartman3,3
1366,0.3,80,mf_Hartman3,3
1367,0.5,80,mf_Hartman3,3
1368,0.1,85,mf_Hartman3,3
1369,0.3,85,mf_Hartman3,3
1370,0.5,85,mf_Hartman3,3
1371,0.1,90,mf_Hartman3,3
1372,0.3,90,mf_Hartman3,3
1373,0.5,90,mf_Hartman3,3
1374,0.1,95,mf_Hartman3,3
1375,0.3,95,mf_Hartman3,3
1376,0.5,95,mf_Hartman3,3
1377,0.1,100,mf_Hartman3,3
1378,0.3,100,mf_Hartman3,3
1379,0.5,100,mf_Hartman3,3
1380,0.1,5,mf_Hartman3,4
1381,0.3,5,mf_Hartman3,4
1382,0.5,5,mf_Hartman3,4
1383,0.1,10,mf_Hartman3,4
1384,0.3,10,mf_Hartman3,4
1385,0.5,10,mf_Hartman3,4
1386,0.1,15,mf_Hartman3,4
1387,0.3,15,mf_Hartman3,4
1388,0.5,15,mf_Hartman3,4
1389,0.1,20,mf_Hartman3,4
1390,0.3,20,mf_Hartman3,4
1391,0.5,20,mf_Hartman3,4
1392,0.1,25,mf_Hartman3,4
1393,0.3,25,mf_Hartman3,4
1394,0.5,25,mf_Hartman3,4
1395,0.1,30,mf_Hartman3,4
1396,0.3,30,mf_Hartman3,4
1397,0.5,30,mf_Hartman3,4
1398,0.1,35,mf_Hartman3,4
1399,0.3,35,mf_Hartman3,4
1400,0.5,35,mf_Hartman3,4
1401,0.1,40,mf_Hartman3,4
1402,0.3,40,mf_Hartman3,4
1403,0.5,40,mf_Hartman3,4
1404,0.1,45,mf_Hartman3,4
1405,0.3,45,mf_Hartman3,4
1406,0.5,45,mf_Hartman3,4
1407,0.1,50,mf_Hartman3,4
1408,0.3,50,mf_Hartman3,4
1409,0.5,50,mf_Hartman3,4
1410,0.1,55,mf_Hartman3,4
1411,0.3,55,mf_Hartman3,4
1412,0.5,55,mf_Hartman3,4
1413,0.1,60,mf_Hartman3,4
1414,0.3,60,mf_Hartman3,4
1415,0.5,60,mf_Hartman3,4
1416,0.1,65,mf_Hartman3,4
1417,0.3,65,mf_Hartman3,4
1418,0.5,65,mf_Hartman3,4
1419,0.1,70,mf_Hartman3,4
1420,0.3,70,mf_Hartman3,4
1421,0.5,70,mf_Hartman3,4
1422,0.1,75,mf_Hartman3,4
1423,0.3,75,mf_Hartman3,4
1424,0.5,75,mf_Hartman3,4
1425,0.1,80,mf_Hartman3,4
1426,0.3,80,mf_Hartman3,4
1427,0.5,80,mf_Hartman3,4
1428,0.1,85,mf_Hartman3,4
1429,0.3,85,mf_Hartman3,4
1430,0.5,85,mf_Hartman3,4
1431,0.1,90,mf_Hartman3,4
1432,0.3,90,mf_Hartman3,4
1433,0.5,90,mf_Hartman3,4
1434,0.1,95,mf_Hartman3,4
1435,0.3,95,mf_Hartman3,4
1436,0.5,95,mf_Hartman3,4
1437,0.1,100,mf_Hartman3,4
1438,0.3,100,mf_Hartman3,4
1439,0.5,100,mf_Hartman3,4
1440,0.1,5,mf_Hartman3,5
1441,0.3,5,mf_Hartman3,5
1442,0.5,5,mf_Hartman3,5
1443,0.1,10,mf_Hartman3,5
1444,0.3,10,mf_Hartman3,5
1445,0.5,10,mf_Hartman3,5
1446,0.1,15,mf_Hartman3,5
1447,0.3,15,mf_Hartman3,5
1448,0.5,15,mf_Hartman3,5
1449,0.1,20,mf_Hartman3,5
1450,0.3,20,mf_Hartman3,5
1451,0.5,20,mf_Hartman3,5
1452,0.1,25,mf_Hartman3,5
1453,0.3,25,mf_Hartman3,5
1454,0.5,25,mf_Hartman3,5
1455,0.1,30,mf_Hartman3,5
1456,0.3,30,mf_Hartman3,5
1457,0.5,30,mf_Hartman3,5
1458,0.1,35,mf_Hartman3,5
1459,0.3,35,mf_Hartman3,5
1460,0.5,35,mf_Hartman3,5
1461,0.1,40,mf_Hartman3,5
1462,0.3,40,mf_Hartman3,5
1463,0.5,40,mf_Hartman3,5
1464,0.1,45,mf_Hartman3,5
1465,0.3,45,mf_Hartman3,5
1466,0.5,45,mf_Hartman3,5
1467,0.1,50,mf_Hartman3,5
1468,0.3,50,mf_Hartman3,5
1469,0.5,50,mf_Hartman3,5
1470,0.1,55,mf_Hartman3,5
1471,0.3,55,mf_Hartman3,5
1472,0.5,55,mf_Hartman3,5
1473,0.1,60,mf_Hartman3,5
1474,0.3,60,mf_Hartman3,5
1475,0.5,60,mf_Hartman3,5
1476,0.1,65,mf_Hartman3,5
1477,0.3,65,mf_Hartman3,5
1478,0.5,65,mf_Hartman3,5
1479,0.1,70,mf_Hartman3,5
1480,0.3,70,mf_Hartman3,5
1481,0.5,70,mf_Hartman3,5
1482,0.1,75,mf_Hartman3,5
1483,0.3,75,mf_Hartman3,5
1484,0.5,75,mf_Hartman3,5
1485,0.1,80,mf_Hartman3,5
1486,0.3,80,mf_Hartman3,5
1487,0.5,80,mf_Hartman3,5
1488,0.1,85,mf_Hartman3,5
1489,0.3,85,mf_Hartman3,5
1490,0.5,85,mf_Hartman3,5
1491,0.1,90,mf_Hartman3,5
1492,0.3,90,mf_Hartman3,5
1493,0.5,90,mf_Hartman3,5
1494,0.1,95,mf_Hartman3,5
1495,0.3,95,mf_Hartman3,5
1496,0.5,95,mf_Hartman3,5
1497,0.1,100,mf_Hartman3,5
1498,0.3,100,mf_Hartman3,5
1499,0.5,100,mf_Hartman3,5
1500,0.1,5,mf_Hartman6,1
1501,0.3,5,mf_Hartman6,1
1502,0.5,5,mf_Hartman6,1
1503,0.1,10,mf_Hartman6,1
1504,0.3,10,mf_Hartman6,1
1505,0.5,10,mf_Hartman6,1
1506,0.1,15,mf_Hartman6,1
1507,0.3,15,mf_Hartman6,1
1508,0.5,15,mf_Hartman6,1
1509,0.1,20,mf_Hartman6,1
1510,0.3,20,mf_Hartman6,1
1511,0.5,20,mf_Hartman6,1
1512,0.1,25,mf_Hartman6,1
1513,0.3,25,mf_Hartman6,1
1514,0.5,25,mf_Hartman6,1
1515,0.1,30,mf_Hartman6,1
1516,0.3,30,mf_Hartman6,1
1517,0.5,30,mf_Hartman6,1
1518,0.1,35,mf_Hartman6,1
1519,0.3,35,mf_Hartman6,1
1520,0.5,35,mf_Hartman6,1
1521,0.1,40,mf_Hartman6,1
1522,0.3,40,mf_Hartman6,1
1523,0.5,40,mf_Hartman6,1
1524,0.1,45,mf_Hartman6,1
1525,0.3,45,mf_Hartman6,1
1526,0.5,45,mf_Hartman6,1
1527,0.1,50,mf_Hartman6,1
1528,0.3,50,mf_Hartman6,1
1529,0.5,50,mf_Hartman6,1
1530,0.1,55,mf_Hartman6,1
1531,0.3,55,mf_Hartman6,1
1532,0.5,55,mf_Hartman6,1
1533,0.1,60,mf_Hartman6,1
1534,0.3,60,mf_Hartman6,1
1535,0.5,60,mf_Hartman6,1
1536,0.1,65,mf_Hartman6,1
1537,0.3,65,mf_Hartman6,1
1538,0.5,65,mf_Hartman6,1
1539,0.1,70,mf_Hartman6,1
1540,0.3,70,mf_Hartman6,1
1541,0.5,70,mf_Hartman6,1
1542,0.1,75,mf_Hartman6,1
1543,0.3,75,mf_Hartman6,1
1544,0.5,75,mf_Hartman6,1
1545,0.1,80,mf_Hartman6,1
1546,0.3,80,mf_Hartman6,1
1547,0.5,80,mf_Hartman6,1
1548,0.1,85,mf_Hartman6,1
1549,0.3,85,mf_Hartman6,1
1550,0.5,85,mf_Hartman6,1
1551,0.1,90,mf_Hartman6,1
1552,0.3,90,mf_Hartman6,1
1553,0.5,90,mf_Hartman6,1
1554,0.1,95,mf_Hartman6,1
1555,0.3,95,mf_Hartman6,1
1556,0.5,95,mf_Hartman6,1
1557,0.1,100,mf_Hartman6,1
1558,0.3,100,mf_Hartman6,1
1559,0.5,100,mf_Hartman6,1
1560,0.1,5,mf_Hartman6,2
1561,0.3,5,mf_Hartman6,2
1562,0.5,5,mf_Hartman6,2
1563,0.1,10,mf_Hartman6,2
1564,0.3,10,mf_Hartman6,2
1565,0.5,10,mf_Hartman6,2
1566,0.1,15,mf_Hartman6,2
1567,0.3,15,mf_Hartman6,2
1568,0.5,15,mf_Hartman6,2
1569,0.1,20,mf_Hartman6,2
1570,0.3,20,mf_Hartman6,2
1571,0.5,20,mf_Hartman6,2
1572,0.1,25,mf_Hartman6,2
1573,0.3,25,mf_Hartman6,2
1574,0.5,25,mf_Hartman6,2
1575,0.1,30,mf_Hartman6,2
1576,0.3,30,mf_Hartman6,2
1577,0.5,30,mf_Hartman6,2
1578,0.1,35,mf_Hartman6,2
1579,0.3,35,mf_Hartman6,2
1580,0.5,35,mf_Hartman6,2
1581,0.1,40,mf_Hartman6,2
1582,0.3,40,mf_Hartman6,2
1583,0.5,40,mf_Hartman6,2
1584,0.1,45,mf_Hartman6,2
1585,0.3,45,mf_Hartman6,2
1586,0.5,45,mf_Hartman6,2
1587,0.1,50,mf_Hartman6,2
1588,0.3,50,mf_Hartman6,2
1589,0.5,50,mf_Hartman6,2
1590,0.1,55,mf_Hartman6,2
1591,0.3,55,mf_Hartman6,2
1592,0.5,55,mf_Hartman6,2
1593,0.1,60,mf_Hartman6,2
1594,0.3,60,mf_Hartman6,2
1595,0.5,60,mf_Hartman6,2
1596,0.1,65,mf_Hartman6,2
1597,0.3,65,mf_Hartman6,2
1598,0.5,65,mf_Hartman6,2
1599,0.1,70,mf_Hartman6,2
1600,0.3,70,mf_Hartman6,2
1601,0.5,70,mf_Hartman6,2
1602,0.1,75,mf_Hartman6,2
1603,0.3,75,mf_Hartman6,2
1604,0.5,75,mf_Hartman6,2
1605,0.1,80,mf_Hartman6,2
1606,0.3,80,mf_Hartman6,2
1607,0.5,80,mf_Hartman6,2
1608,0.1,85,mf_Hartman6,2
1609,0.3,85,mf_Hartman6,2
1610,0.5,85,mf_Hartman6,2
1611,0.1,90,mf_Hartman6,2
1612,0.3,90,mf_Hartman6,2
1613,0.5,90,mf_Hartman6,2
1614,0.1,95,mf_Hartman6,2
1615,0.3,95,mf_Hartman6,2
1616,0.5,95,mf_Hartman6,2
1617,0.1,100,mf_Hartman6,2
1618,0.3,100,mf_Hartman6,2
1619,0.5,100,mf_Hartman6,2
1620,0.1,5,mf_Hartman6,3
1621,0.3,5,mf_Hartman6,3
1622,0.5,5,mf_Hartman6,3
1623,0.1,10,mf_Hartman6,3
1624,0.3,10,mf_Hartman6,3
1625,0.5,10,mf_Hartman6,3
1626,0.1,15,mf_Hartman6,3
1627,0.3,15,mf_Hartman6,3
1628,0.5,15,mf_Hartman6,3
1629,0.1,20,mf_Hartman6,3
1630,0.3,20,mf_Hartman6,3
1631,0.5,20,mf_Hartman6,3
1632,0.1,25,mf_Hartman6,3
1633,0.3,25,mf_Hartman6,3
1634,0.5,25,mf_Hartman6,3
1635,0.1,30,mf_Hartman6,3
1636,0.3,30,mf_Hartman6,3
1637,0.5,30,mf_Hartman6,3
1638,0.1,35,mf_Hartman6,3
1639,0.3,35,mf_Hartman6,3
1640,0.5,35,mf_Hartman6,3
1641,0.1,40,mf_Hartman6,3
1642,0.3,40,mf_Hartman6,3
1643,0.5,40,mf_Hartman6,3
1644,0.1,45,mf_Hartman6,3
1645,0.3,45,mf_Hartman6,3
1646,0.5,45,mf_Hartman6,3
1647,0.1,50,mf_Hartman6,3
1648,0.3,50,mf_Hartman6,3
1649,0.5,50,mf_Hartman6,3
1650,0.1,55,mf_Hartman6,3
1651,0.3,55,mf_Hartman6,3
1652,0.5,55,mf_Hartman6,3
1653,0.1,60,mf_Hartman6,3
1654,0.3,60,mf_Hartman6,3
1655,0.5,60,mf_Hartman6,3
1656,0.1,65,mf_Hartman6,3
1657,0.3,65,mf_Hartman6,3
1658,0.5,65,mf_Hartman6,3
1659,0.1,70,mf_Hartman6,3
1660,0.3,70,mf_Hartman6,3
1661,0.5,70,mf_Hartman6,3
1662,0.1,75,mf_Hartman6,3
1663,0.3,75,mf_Hartman6,3
1664,0.5,75,mf_Hartman6,3
1665,0.1,80,mf_Hartman6,3
1666,0.3,80,mf_Hartman6,3
1667,0.5,80,mf_Hartman6,3
1668,0.1,85,mf_Hartman6,3
1669,0.3,85,mf_Hartman6,3
1670,0.5,85,mf_Hartman6,3
1671,0.1,90,mf_Hartman6,3
1672,0.3,90,mf_Hartman6,3
1673,0.5,90,mf_Hartman6,3
1674,0.1,95,mf_Hartman6,3
1675,0.3,95,mf_Hartman6,3
1676,0.5,95,mf_Hartman6,3
1677,0.1,100,mf_Hartman6,3
1678,0.3,100,mf_Hartman6,3
1679,0.5,100,mf_Hartman6,3
1680,0.1,5,mf_Hartman6,4
1681,0.3,5,mf_Hartman6,4
1682,0.5,5,mf_Hartman6,4
1683,0.1,10,mf_Hartman6,4
1684,0.3,10,mf_Hartman6,4
1685,0.5,10,mf_Hartman6,4
1686,0.1,15,mf_Hartman6,4
1687,0.3,15,mf_Hartman6,4
1688,0.5,15,mf_Hartman6,4
1689,0.1,20,mf_Hartman6,4
1690,0.3,20,mf_Hartman6,4
1691,0.5,20,mf_Hartman6,4
1692,0.1,25,mf_Hartman6,4
1693,0.3,25,mf_Hartman6,4
1694,0.5,25,mf_Hartman6,4
1695,0.1,30,mf_Hartman6,4
1696,0.3,30,mf_Hartman6,4
1697,0.5,30,mf_Hartman6,4
1698,0.1,35,mf_Hartman6,4
1699,0.3,35,mf_Hartman6,4
1700,0.5,35,mf_Hartman6,4
1701,0.1,40,mf_Hartman6,4
1702,0.3,40,mf_Hartman6,4
1703,0.5,40,mf_Hartman6,4
1704,0.1,45,mf_Hartman6,4
1705,0.3,45,mf_Hartman6,4
1706,0.5,45,mf_Hartman6,4
1707,0.1,50,mf_Hartman6,4
1708,0.3,50,mf_Hartman6,4
1709,0.5,50,mf_Hartman6,4
1710,0.1,55,mf_Hartman6,4
1711,0.3,55,mf_Hartman6,4
1712,0.5,55,mf_Hartman6,4
1713,0.1,60,mf_Hartman6,4
1714,0.3,60,mf_Hartman6,4
1715,0.5,60,mf_Hartman6,4
1716,0.1,65,mf_Hartman6,4
1717,0.3,65,mf_Hartman6,4
1718,0.5,65,mf_Hartman6,4
1719,0.1,70,mf_Hartman6,4
1720,0.3,70,mf_Hartman6,4
1721,0.5,70,mf_Hartman6,4
1722,0.1,75,mf_Hartman6,4
1723,0.3,75,mf_Hartman6,4
1724,0.5,75,mf_Hartman6,4
1725,0.1,80,mf_Hartman6,4
1726,0.3,80,mf_Hartman6,4
1727,0.5,80,mf_Hartman6,4
1728,0.1,85,mf_Hartman6,4
1729,0.3,85,mf_Hartman6,4
1730,0.5,85,mf_Hartman6,4
1731,0.1,90,mf_Hartman6,4
1732,0.3,90,mf_Hartman6,4
1733,0.5,90,mf_Hartman6,4
1734,0.1,95,mf_Hartman6,4
1735,0.3,95,mf_Hartman6,4
1736,0.5,95,mf_Hartman6,4
1737,0.1,100,mf_Hartman6,4
1738,0.3,100,mf_Hartman6,4
1739,0.5,100,mf_Hartman6,4
1740,0.1,5,mf_Hartman6,5
1741,0.3,5,mf_Hartman6,5
1742,0.5,5,mf_Hartman6,5
1743,0.1,10,mf_Hartman6,5
1744,0.3,10,mf_Hartman6,5
1745,0.5,10,mf_Hartman6,5
1746,0.1,15,mf_Hartman6,5
1747,0.3,15,mf_Hartman6,5
1748,0.5,15,mf_Hartman6,5
1749,0.1,20,mf_Hartman6,5
1750,0.3,20,mf_Hartman6,5
1751,0.5,20,mf_Hartman6,5
1752,0.1,25,mf_Hartman6,5
1753,0.3,25,mf_Hartman6,5
1754,0.5,25,mf_Hartman6,5
1755,0.1,30,mf_Hartman6,5
1756,0.3,30,mf_Hartman6,5
1757,0.5,30,mf_Hartman6,5
1758,0.1,35,mf_Hartman6,5
1759,0.3,35,mf_Hartman6,5
1760,0.5,35,mf_Hartman6,5
1761,0.1,40,mf_Hartman6,5
1762,0.3,40,mf_Hartman6,5
1763,0.5,40,mf_Hartman6,5
1764,0.1,45,mf_Hartman6,5
1765,0.3,45,mf_Hartman6,5
1766,0.5,45,mf_Hartman6,5
1767,0.1,50,mf_Hartman6,5
1768,0.3,50,mf_Hartman6,5
1769,0.5,50,mf_Hartman6,5
1770,0.1,55,mf_Hartman6,5
1771,0.3,55,mf_Hartman6,5
1772,0.5,55,mf_Hartman6,5
1773,0.1,60,mf_Hartman6,5
1774,0.3,60,mf_Hartman6,5
1775,0.5,60,mf_Hartman6,5
1776,0.1,65,mf_Hartman6,5
1777,0.3,65,mf_Hartman6,5
1778,0.5,65,mf_Hartman6,5
1779,0.1,70,mf_Hartman6,5
1780,0.3,70,mf_Hartman6,5
1781,0.5,70,mf_Hartman6,5
1782,0.1,75,mf_Hartman6,5
1783,0.3,75,mf_Hartman6,5
1784,0.5,75,mf_Hartman6,5
1785,0.1,80,mf_Hartman6,5
1786,0.3,80,mf_Hartman6,5
1787,0.5,80,mf_Hartman6,5
1788,0.1,85,mf_Hartman6,5
1789,0.3,85,mf_Hartman6,5
1790,0.5,85,mf_Hartman6,5
1791,0.1,90,mf_Hartman6,5
1792,0.3,90,mf_Hartman6,5
1793,0.5,90,mf_Hartman6,5
1794,0.1,95,mf_Hartman6,5
1795,0.3,95,mf_Hartman6,5
1796,0.5,95,mf_Hartman6,5
1797,0.1,100,mf_Hartman6,5
1798,0.3,100,mf_Hartman6,5
1799,0.5,100,mf_Hartman6,5
1800,0.1,5,mf_Himmelblau,1
1801,0.3,5,mf_Himmelblau,1
1802,0.5,5,mf_Himmelblau,1
1803,0.1,10,mf_Himmelblau,1
1804,0.3,10,mf_Himmelblau,1
1805,0.5,10,mf_Himmelblau,1
1806,0.1,15,mf_Himmelblau,1
1807,0.3,15,mf_Himmelblau,1
1808,0.5,15,mf_Himmelblau,1
1809,0.1,20,mf_Himmelblau,1
1810,0.3,20,mf_Himmelblau,1
1811,0.5,20,mf_Himmelblau,1
1812,0.1,25,mf_Himmelblau,1
1813,0.3,25,mf_Himmelblau,1
1814,0.5,25,mf_Himmelblau,1
1815,0.1,30,mf_Himmelblau,1
1816,0.3,30,mf_Himmelblau,1
1817,0.5,30,mf_Himmelblau,1
1818,0.1,35,mf_Himmelblau,1
1819,0.3,35,mf_Himmelblau,1
1820,0.5,35,mf_Himmelblau,1
1821,0.1,40,mf_Himmelblau,1
1822,0.3,40,mf_Himmelblau,1
1823,0.5,40,mf_Himmelblau,1
1824,0.1,45,mf_Himmelblau,1
1825,0.3,45,mf_Himmelblau,1
1826,0.5,45,mf_Himmelblau,1
1827,0.1,50,mf_Himmelblau,1
1828,0.3,50,mf_Himmelblau,1
1829,0.5,50,mf_Himmelblau,1
1830,0.1,55,mf_Himmelblau,1
1831,0.3,55,mf_Himmelblau,1
1832,0.5,55,mf_Himmelblau,1
1833,0.1,60,mf_Himmelblau,1
1834,0.3,60,mf_Himmelblau,1
1835,0.5,60,mf_Himmelblau,1
1836,0.1,65,mf_Himmelblau,1
1837,0.3,65,mf_Himmelblau,1
1838,0.5,65,mf_Himmelblau,1
1839,0.1,70,mf_Himmelblau,1
1840,0.3,70,mf_Himmelblau,1
1841,0.5,70,mf_Himmelblau,1
1842,0.1,75,mf_Himmelblau,1
1843,0.3,75,mf_Himmelblau,1
1844,0.5,75,mf_Himmelblau,1
1845,0.1,80,mf_Himmelblau,1
1846,0.3,80,mf_Himmelblau,1
1847,0.5,80,mf_Himmelblau,1
1848,0.1,85,mf_Himmelblau,1
1849,0.3,85,mf_Himmelblau,1
1850,0.5,85,mf_Himmelblau,1
1851,0.1,90,mf_Himmelblau,1
1852,0.3,90,mf_Himmelblau,1
1853,0.5,90,mf_Himmelblau,1
1854,0.1,95,mf_Himmelblau,1
1855,0.3,95,mf_Himmelblau,1
1856,0.5,95,mf_Himmelblau,1
1857,0.1,100,mf_Himmelblau,1
1858,0.3,100,mf_Himmelblau,1
1859,0.5,100,mf_Himmelblau,1
1860,0.1,5,mf_Himmelblau,2
1861,0.3,5,mf_Himmelblau,2
1862,0.5,5,mf_Himmelblau,2
1863,0.1,10,mf_Himmelblau,2
1864,0.3,10,mf_Himmelblau,2
1865,0.5,10,mf_Himmelblau,2
1866,0.1,15,mf_Himmelblau,2
1867,0.3,15,mf_Himmelblau,2
1868,0.5,15,mf_Himmelblau,2
1869,0.1,20,mf_Himmelblau,2
1870,0.3,20,mf_Himmelblau,2
1871,0.5,20,mf_Himmelblau,2
1872,0.1,25,mf_Himmelblau,2
1873,0.3,25,mf_Himmelblau,2
1874,0.5,25,mf_Himmelblau,2
1875,0.1,30,mf_Himmelblau,2
1876,0.3,30,mf_Himmelblau,2
1877,0.5,30,mf_Himmelblau,2
1878,0.1,35,mf_Himmelblau,2
1879,0.3,35,mf_Himmelblau,2
1880,0.5,35,mf_Himmelblau,2
1881,0.1,40,mf_Himmelblau,2
1882,0.3,40,mf_Himmelblau,2
1883,0.5,40,mf_Himmelblau,2
1884,0.1,45,mf_Himmelblau,2
1885,0.3,45,mf_Himmelblau,2
1886,0.5,45,mf_Himmelblau,2
1887,0.1,50,mf_Himmelblau,2
1888,0.3,50,mf_Himmelblau,2
1889,0.5,50,mf_Himmelblau,2
1890,0.1,55,mf_Himmelblau,2
1891,0.3,55,mf_Himmelblau,2
1892,0.5,55,mf_Himmelblau,2
1893,0.1,60,mf_Himmelblau,2
1894,0.3,60,mf_Himmelblau,2
1895,0.5,60,mf_Himmelblau,2
1896,0.1,65,mf_Himmelblau,2
1897,0.3,65,mf_Himmelblau,2
1898,0.5,65,mf_Himmelblau,2
1899,0.1,70,mf_Himmelblau,2
1900,0.3,70,mf_Himmelblau,2
1901,0.5,70,mf_Himmelblau,2
1902,0.1,75,mf_Himmelblau,2
1903,0.3,75,mf_Himmelblau,2
1904,0.5,75,mf_Himmelblau,2
1905,0.1,80,mf_Himmelblau,2
1906,0.3,80,mf_Himmelblau,2
1907,0.5,80,mf_Himmelblau,2
1908,0.1,85,mf_Himmelblau,2
1909,0.3,85,mf_Himmelblau,2
1910,0.5,85,mf_Himmelblau,2
1911,0.1,90,mf_Himmelblau,2
1912,0.3,90,mf_Himmelblau,2
1913,0.5,90,mf_Himmelblau,2
1914,0.1,95,mf_Himmelblau,2
1915,0.3,95,mf_Himmelblau,2
1916,0.5,95,mf_Himmelblau,2
1917,0.1,100,mf_Himmelblau,2
1918,0.3,100,mf_Himmelblau,2
1919,0.5,100,mf_Himmelblau,2
1920,0.1,5,mf_Himmelblau,3
1921,0.3,5,mf_Himmelblau,3
1922,0.5,5,mf_Himmelblau,3
1923,0.1,10,mf_Himmelblau,3
1924,0.3,10,mf_Himmelblau,3
1925,0.5,10,mf_Himmelblau,3
1926,0.1,15,mf_Himmelblau,3
1927,0.3,15,mf_Himmelblau,3
1928,0.5,15,mf_Himmelblau,3
1929,0.1,20,mf_Himmelblau,3
1930,0.3,20,mf_Himmelblau,3
1931,0.5,20,mf_Himmelblau,3
1932,0.1,25,mf_Himmelblau,3
1933,0.3,25,mf_Himmelblau,3
1934,0.5,25,mf_Himmelblau,3
1935,0.1,30,mf_Himmelblau,3
1936,0.3,30,mf_Himmelblau,3
1937,0.5,30,mf_Himmelblau,3
1938,0.1,35,mf_Himmelblau,3
1939,0.3,35,mf_Himmelblau,3
1940,0.5,35,mf_Himmelblau,3
1941,0.1,40,mf_Himmelblau,3
1942,0.3,40,mf_Himmelblau,3
1943,0.5,40,mf_Himmelblau,3
1944,0.1,45,mf_Himmelblau,3
1945,0.3,45,mf_Himmelblau,3
1946,0.5,45,mf_Himmelblau,3
1947,0.1,50,mf_Himmelblau,3
1948,0.3,50,mf_Himmelblau,3
1949,0.5,50,mf_Himmelblau,3
1950,0.1,55,mf_Himmelblau,3
1951,0.3,55,mf_Himmelblau,3
1952,0.5,55,mf_Himmelblau,3
1953,0.1,60,mf_Himmelblau,3
1954,0.3,60,mf_Himmelblau,3
1955,0.5,60,mf_Himmelblau,3
1956,0.1,65,mf_Himmelblau,3
1957,0.3,65,mf_Himmelblau,3
1958,0.5,65,mf_Himmelblau,3
1959,0.1,70,mf_Himmelblau,3
1960,0.3,70,mf_Himmelblau,3
1961,0.5,70,mf_Himmelblau,3
1962,0.1,75,mf_Himmelblau,3
1963,0.3,75,mf_Himmelblau,3
1964,0.5,75,mf_Himmelblau,3
1965,0.1,80,mf_Himmelblau,3
1966,0.3,80,mf_Himmelblau,3
1967,0.5,80,mf_Himmelblau,3
1968,0.1,85,mf_Himmelblau,3
1969,0.3,85,mf_Himmelblau,3
1970,0.5,85,mf_Himmelblau,3
1971,0.1,90,mf_Himmelblau,3
1972,0.3,90,mf_Himmelblau,3
1973,0.5,90,mf_Himmelblau,3
1974,0.1,95,mf_Himmelblau,3
1975,0.3,95,mf_Himmelblau,3
1976,0.5,95,mf_Himmelblau,3
1977,0.1,100,mf_Himmelblau,3
1978,0.3,100,mf_Himmelblau,3
1979,0.5,100,mf_Himmelblau,3
1980,0.1,5,mf_Himmelblau,4
1981,0.3,5,mf_Himmelblau,4
1982,0.5,5,mf_Himmelblau,4
1983,0.1,10,mf_Himmelblau,4
1984,0.3,10,mf_Himmelblau,4
1985,0.5,10,mf_Himmelblau,4
1986,0.1,15,mf_Himmelblau,4
1987,0.3,15,mf_Himmelblau,4
1988,0.5,15,mf_Himmelblau,4
1989,0.1,20,mf_Himmelblau,4
1990,0.3,20,mf_Himmelblau,4
1991,0.5,20,mf_Himmelblau,4
1992,0.1,25,mf_Himmelblau,4
1993,0.3,25,mf_Himmelblau,4
1994,0.5,25,mf_Himmelblau,4
1995,0.1,30,mf_Himmelblau,4
1996,0.3,30,mf_Himmelblau,4
1997,0.5,30,mf_Himmelblau,4
1998,0.1,35,mf_Himmelblau,4
1999,0.3,35,mf_Himmelblau,4
2000,0.5,35,mf_Himmelblau,4
2001,0.1,40,mf_Himmelblau,4
2002,0.3,40,mf_Himmelblau,4
2003,0.5,40,mf_Himmelblau,4
2004,0.1,45,mf_Himmelblau,4
2005,0.3,45,mf_Himmelblau,4
2006,0.5,45,mf_Himmelblau,4
2007,0.1,50,mf_Himmelblau,4
2008,0.3,50,mf_Himmelblau,4
2009,0.5,50,mf_Himmelblau,4
2010,0.1,55,mf_Himmelblau,4
2011,0.3,55,mf_Himmelblau,4
2012,0.5,55,mf_Himmelblau,4
2013,0.1,60,mf_Himmelblau,4
2014,0.3,60,mf_Himmelblau,4
2015,0.5,60,mf_Himmelblau,4
2016,0.1,65,mf_Himmelblau,4
2017,0.3,65,mf_Himmelblau,4
2018,0.5,65,mf_Himmelblau,4
2019,0.1,70,mf_Himmelblau,4
2020,0.3,70,mf_Himmelblau,4
2021,0.5,70,mf_Himmelblau,4
2022,0.1,75,mf_Himmelblau,4
2023,0.3,75,mf_Himmelblau,4
2024,0.5,75,mf_Himmelblau,4
2025,0.1,80,mf_Himmelblau,4
2026,0.3,80,mf_Himmelblau,4
2027,0.5,80,mf_Himmelblau,4
2028,0.1,85,mf_Himmelblau,4
2029,0.3,85,mf_Himmelblau,4
2030,0.5,85,mf_Himmelblau,4
2031,0.1,90,mf_Himmelblau,4
2032,0.3,90,mf_Himmelblau,4
2033,0.5,90,mf_Himmelblau,4
2034,0.1,95,mf_Himmelblau,4
2035,0.3,95,mf_Himmelblau,4
2036,0.5,95,mf_Himmelblau,4
2037,0.1,100,mf_Himmelblau,4
2038,0.3,100,mf_Himmelblau,4
2039,0.5,100,mf_Himmelblau,4
2040,0.1,5,mf_Himmelblau,5
2041,0.3,5,mf_Himmelblau,5
2042,0.5,5,mf_Himmelblau,5
2043,0.1,10,mf_Himmelblau,5
2044,0.3,10,mf_Himmelblau,5
2045,0.5,10,mf_Himmelblau,5
2046,0.1,15,mf_Himmelblau,5
2047,0.3,15,mf_Himmelblau,5
2048,0.5,15,mf_Himmelblau,5
2049,0.1,20,mf_Himmelblau,5
2050,0.3,20,mf_Himmelblau,5
2051,0.5,20,mf_Himmelblau,5
2052,0.1,25,mf_Himmelblau,5
2053,0.3,25,mf_Himmelblau,5
2054,0.5,25,mf_Himmelblau,5
2055,0.1,30,mf_Himmelblau,5
2056,0.3,30,mf_Himmelblau,5
2057,0.5,30,mf_Himmelblau,5
2058,0.1,35,mf_Himmelblau,5
2059,0.3,35,mf_Himmelblau,5
2060,0.5,35,mf_Himmelblau,5
2061,0.1,40,mf_Himmelblau,5
2062,0.3,40,mf_Himmelblau,5
2063,0.5,40,mf_Himmelblau,5
2064,0.1,45,mf_Himmelblau,5
2065,0.3,45,mf_Himmelblau,5
2066,0.5,45,mf_Himmelblau,5
2067,0.1,50,mf_Himmelblau,5
2068,0.3,50,mf_Himmelblau,5
2069,0.5,50,mf_Himmelblau,5
2070,0.1,55,mf_Himmelblau,5
2071,0.3,55,mf_Himmelblau,5
2072,0.5,55,mf_Himmelblau,5
2073,0.1,60,mf_Himmelblau,5
2074,0.3,60,mf_Himmelblau,5
2075,0.5,60,mf_Himmelblau,5
2076,0.1,65,mf_Himmelblau,5
2077,0.3,65,mf_Himmelblau,5
2078,0.5,65,mf_Himmelblau,5
2079,0.1,70,mf_Himmelblau,5
2080,0.3,70,mf_Himmelblau,5
2081,0.5,70,mf_Himmelblau,5
2082,0.1,75,mf_Himmelblau,5
2083,0.3,75,mf_Himmelblau,5
2084,0.5,75,mf_Himmelblau,5
2085,0.1,80,mf_Himmelblau,5
2086,0.3,80,mf_Himmelblau,5
2087,0.5,80,mf_Himmelblau,5
2088,0.1,85,mf_Himmelblau,5
2089,0.3,85,mf_Himmelblau,5
2090,0.5,85,mf_Himmelblau,5
2091,0.1,90,mf_Himmelblau,5
2092,0.3,90,mf_Himmelblau,5
2093,0.5,90,mf_Himmelblau,5
2094,0.1,95,mf_Himmelblau,5
2095,0.3,95,mf_Himmelblau,5
2096,0.5,95,mf_Himmelblau,5
2097,0.1,100,mf_Himmelblau,5
2098,0.3,100,mf_Himmelblau,5
2099,0.5,100,mf_Himmelblau,5
2100,0.1,5,mf_Park91A,1
2101,0.3,5,mf_Park91A,1
2102,0.5,5,mf_Park91A,1
2103,0.1,10,mf_Park91A,1
2104,0.3,10,mf_Park91A,1
2105,0.5,10,mf_Park91A,1
2106,0.1,15,mf_Park91A,1
2107,0.3,15,mf_Park91A,1
2108,0.5,15,mf_Park91A,1
2109,0.1,20,mf_Park91A,1
2110,0.3,20,mf_Park91A,1
2111,0.5,20,mf_Park91A,1
2112,0.1,25,mf_Park91A,1
2113,0.3,25,mf_Park91A,1
2114,0.5,25,mf_Park91A,1
2115,0.1,30,mf_Park91A,1
2116,0.3,30,mf_Park91A,1
2117,0.5,30,mf_Park91A,1
2118,0.1,35,mf_Park91A,1
2119,0.3,35,mf_Park91A,1
2120,0.5,35,mf_Park91A,1
2121,0.1,40,mf_Park91A,1
2122,0.3,40,mf_Park91A,1
2123,0.5,40,mf_Park91A,1
2124,0.1,45,mf_Park91A,1
2125,0.3,45,mf_Park91A,1
2126,0.5,45,mf_Park91A,1
2127,0.1,50,mf_Park91A,1
2128,0.3,50,mf_Park91A,1
2129,0.5,50,mf_Park91A,1
2130,0.1,55,mf_Park91A,1
2131,0.3,55,mf_Park91A,1
2132,0.5,55,mf_Park91A,1
2133,0.1,60,mf_Park91A,1
2134,0.3,60,mf_Park91A,1
2135,0.5,60,mf_Park91A,1
2136,0.1,65,mf_Park91A,1
2137,0.3,65,mf_Park91A,1
2138,0.5,65,mf_Park91A,1
2139,0.1,70,mf_Park91A,1
2140,0.3,70,mf_Park91A,1
2141,0.5,70,mf_Park91A,1
2142,0.1,75,mf_Park91A,1
2143,0.3,75,mf_Park91A,1
2144,0.5,75,mf_Park91A,1
2145,0.1,80,mf_Park91A,1
2146,0.3,80,mf_Park91A,1
2147,0.5,80,mf_Park91A,1
2148,0.1,85,mf_Park91A,1
2149,0.3,85,mf_Park91A,1
2150,0.5,85,mf_Park91A,1
2151,0.1,90,mf_Park91A,1
2152,0.3,90,mf_Park91A,1
2153,0.5,90,mf_Park91A,1
2154,0.1,95,mf_Park91A,1
2155,0.3,95,mf_Park91A,1
2156,0.5,95,mf_Park91A,1
2157,0.1,100,mf_Park91A,1
2158,0.3,100,mf_Park91A,1
2159,0.5,100,mf_Park91A,1
2160,0.1,5,mf_Park91A,2
2161,0.3,5,mf_Park91A,2
2162,0.5,5,mf_Park91A,2
2163,0.1,10,mf_Park91A,2
2164,0.3,10,mf_Park91A,2
2165,0.5,10,mf_Park91A,2
2166,0.1,15,mf_Park91A,2
2167,0.3,15,mf_Park91A,2
2168,0.5,15,mf_Park91A,2
2169,0.1,20,mf_Park91A,2
2170,0.3,20,mf_Park91A,2
2171,0.5,20,mf_Park91A,2
2172,0.1,25,mf_Park91A,2
2173,0.3,25,mf_Park91A,2
2174,0.5,25,mf_Park91A,2
2175,0.1,30,mf_Park91A,2
2176,0.3,30,mf_Park91A,2
2177,0.5,30,mf_Park91A,2
2178,0.1,35,mf_Park91A,2
2179,0.3,35,mf_Park91A,2
2180,0.5,35,mf_Park91A,2
2181,0.1,40,mf_Park91A,2
2182,0.3,40,mf_Park91A,2
2183,0.5,40,mf_Park91A,2
2184,0.1,45,mf_Park91A,2
2185,0.3,45,mf_Park91A,2
2186,0.5,45,mf_Park91A,2
2187,0.1,50,mf_Park91A,2
2188,0.3,50,mf_Park91A,2
2189,0.5,50,mf_Park91A,2
2190,0.1,55,mf_Park91A,2
2191,0.3,55,mf_Park91A,2
2192,0.5,55,mf_Park91A,2
2193,0.1,60,mf_Park91A,2
2194,0.3,60,mf_Park91A,2
2195,0.5,60,mf_Park91A,2
2196,0.1,65,mf_Park91A,2
2197,0.3,65,mf_Park91A,2
2198,0.5,65,mf_Park91A,2
2199,0.1,70,mf_Park91A,2
2200,0.3,70,mf_Park91A,2
2201,0.5,70,mf_Park91A,2
2202,0.1,75,mf_Park91A,2
2203,0.3,75,mf_Park91A,2
2204,0.5,75,mf_Park91A,2
2205,0.1,80,mf_Park91A,2
2206,0.3,80,mf_Park91A,2
2207,0.5,80,mf_Park91A,2
2208,0.1,85,mf_Park91A,2
2209,0.3,85,mf_Park91A,2
2210,0.5,85,mf_Park91A,2
2211,0.1,90,mf_Park91A,2
2212,0.3,90,mf_Park91A,2
2213,0.5,90,mf_Park91A,2
2214,0.1,95,mf_Park91A,2
2215,0.3,95,mf_Park91A,2
2216,0.5,95,mf_Park91A,2
2217,0.1,100,mf_Park91A,2
2218,0.3,100,mf_Park91A,2
2219,0.5,100,mf_Park91A,2
2220,0.1,5,mf_Park91A,3
2221,0.3,5,mf_Park91A,3
2222,0.5,5,mf_Park91A,3
2223,0.1,10,mf_Park91A,3
2224,0.3,10,mf_Park91A,3
2225,0.5,10,mf_Park91A,3
2226,0.1,15,mf_Park91A,3
2227,0.3,15,mf_Park91A,3
2228,0.5,15,mf_Park91A,3
2229,0.1,20,mf_Park91A,3
2230,0.3,20,mf_Park91A,3
2231,0.5,20,mf_Park91A,3
2232,0.1,25,mf_Park91A,3
2233,0.3,25,mf_Park91A,3
2234,0.5,25,mf_Park91A,3
2235,0.1,30,mf_Park91A,3
2236,0.3,30,mf_Park91A,3
2237,0.5,30,mf_Park91A,3
2238,0.1,35,mf_Park91A,3
2239,0.3,35,mf_Park91A,3
2240,0.5,35,mf_Park91A,3
2241,0.1,40,mf_Park91A,3
2242,0.3,40,mf_Park91A,3
2243,0.5,40,mf_Park91A,3
2244,0.1,45,mf_Park91A,3
2245,0.3,45,mf_Park91A,3
2246,0.5,45,mf_Park91A,3
2247,0.1,50,mf_Park91A,3
2248,0.3,50,mf_Park91A,3
2249,0.5,50,mf_Park91A,3
2250,0.1,55,mf_Park91A,3
2251,0.3,55,mf_Park91A,3
2252,0.5,55,mf_Park91A,3
2253,0.1,60,mf_Park91A,3
2254,0.3,60,mf_Park91A,3
2255,0.5,60,mf_Park91A,3
2256,0.1,65,mf_Park91A,3
2257,0.3,65,mf_Park91A,3
2258,0.5,65,mf_Park91A,3
2259,0.1,70,mf_Park91A,3
2260,0.3,70,mf_Park91A,3
2261,0.5,70,mf_Park91A,3
2262,0.1,75,mf_Park91A,3
2263,0.3,75,mf_Park91A,3
2264,0.5,75,mf_Park91A,3
2265,0.1,80,mf_Park91A,3
2266,0.3,80,mf_Park91A,3
2267,0.5,80,mf_Park91A,3
2268,0.1,85,mf_Park91A,3
2269,0.3,85,mf_Park91A,3
2270,0.5,85,mf_Park91A,3
2271,0.1,90,mf_Park91A,3
2272,0.3,90,mf_Park91A,3
2273,0.5,90,mf_Park91A,3
2274,0.1,95,mf_Park91A,3
2275,0.3,95,mf_Park91A,3
2276,0.5,95,mf_Park91A,3
2277,0.1,100,mf_Park91A,3
2278,0.3,100,mf_Park91A,3
2279,0.5,100,mf_Park91A,3
2280,0.1,5,mf_Park91A,4
2281,0.3,5,mf_Park91A,4
2282,0.5,5,mf_Park91A,4
2283,0.1,10,mf_Park91A,4
2284,0.3,10,mf_Park91A,4
2285,0.5,10,mf_Park91A,4
2286,0.1,15,mf_Park91A,4
2287,0.3,15,mf_Park91A,4
2288,0.5,15,mf_Park91A,4
2289,0.1,20,mf_Park91A,4
2290,0.3,20,mf_Park91A,4
2291,0.5,20,mf_Park91A,4
2292,0.1,25,mf_Park91A,4
2293,0.3,25,mf_Park91A,4
2294,0.5,25,mf_Park91A,4
2295,0.1,30,mf_Park91A,4
2296,0.3,30,mf_Park91A,4
2297,0.5,30,mf_Park91A,4
2298,0.1,35,mf_Park91A,4
2299,0.3,35,mf_Park91A,4
2300,0.5,35,mf_Park91A,4
2301,0.1,40,mf_Park91A,4
2302,0.3,40,mf_Park91A,4
2303,0.5,40,mf_Park91A,4
2304,0.1,45,mf_Park91A,4
2305,0.3,45,mf_Park91A,4
2306,0.5,45,mf_Park91A,4
2307,0.1,50,mf_Park91A,4
2308,0.3,50,mf_Park91A,4
2309,0.5,50,mf_Park91A,4
2310,0.1,55,mf_Park91A,4
2311,0.3,55,mf_Park91A,4
2312,0.5,55,mf_Park91A,4
2313,0.1,60,mf_Park91A,4
2314,0.3,60,mf_Park91A,4
2315,0.5,60,mf_Park91A,4
2316,0.1,65,mf_Park91A,4
2317,0.3,65,mf_Park91A,4
2318,0.5,65,mf_Park91A,4
2319,0.1,70,mf_Park91A,4
2320,0.3,70,mf_Park91A,4
2321,0.5,70,mf_Park91A,4
2322,0.1,75,mf_Park91A,4
2323,0.3,75,mf_Park91A,4
2324,0.5,75,mf_Park91A,4
2325,0.1,80,mf_Park91A,4
2326,0.3,80,mf_Park91A,4
2327,0.5,80,mf_Park91A,4
2328,0.1,85,mf_Park91A,4
2329,0.3,85,mf_Park91A,4
2330,0.5,85,mf_Park91A,4
2331,0.1,90,mf_Park91A,4
2332,0.3,90,mf_Park91A,4
2333,0.5,90,mf_Park91A,4
2334,0.1,95,mf_Park91A,4
2335,0.3,95,mf_Park91A,4
2336,0.5,95,mf_Park91A,4
2337,0.1,100,mf_Park91A,4
2338,0.3,100,mf_Park91A,4
2339,0.5,100,mf_Park91A,4
2340,0.1,5,mf_Park91A,5
2341,0.3,5,mf_Park91A,5
2342,0.5,5,mf_Park91A,5
2343,0.1,10,mf_Park91A,5
2344,0.3,10,mf_Park91A,5
2345,0.5,10,mf_Park91A,5
2346,0.1,15,mf_Park91A,5
2347,0.3,15,mf_Park91A,5
2348,0.5,15,mf_Park91A,5
2349,0.1,20,mf_Park91A,5
2350,0.3,20,mf_Park91A,5
2351,0.5,20,mf_Park91A,5
2352,0.1,25,mf_Park91A,5
2353,0.3,25,mf_Park91A,5
2354,0.5,25,mf_Park91A,5
2355,0.1,30,mf_Park91A,5
2356,0.3,30,mf_Park91A,5
2357,0.5,30,mf_Park91A,5
2358,0.1,35,mf_Park91A,5
2359,0.3,35,mf_Park91A,5
2360,0.5,35,mf_Park91A,5
2361,0.1,40,mf_Park91A,5
2362,0.3,40,mf_Park91A,5
2363,0.5,40,mf_Park91A,5
2364,0.1,45,mf_Park91A,5
2365,0.3,45,mf_Park91A,5
2366,0.5,45,mf_Park91A,5
2367,0.1,50,mf_Park91A,5
2368,0.3,50,mf_Park91A,5
2369,0.5,50,mf_Park91A,5
2370,0.1,55,mf_Park91A,5
2371,0.3,55,mf_Park91A,5
2372,0.5,55,mf_Park91A,5
2373,0.1,60,mf_Park91A,5
2374,0.3,60,mf_Park91A,5
2375,0.5,60,mf_Park91A,5
2376,0.1,65,mf_Park91A,5
2377,0.3,65,mf_Park91A,5
2378,0.5,65,mf_Park91A,5
2379,0.1,70,mf_Park91A,5
2380,0.3,70,mf_Park91A,5
2381,0.5,70,mf_Park91A,5
2382,0.1,75,mf_Park91A,5
2383,0.3,75,mf_Park91A,5
2384,0.5,75,mf_Park91A,5
2385,0.1,80,mf_Park91A,5
2386,0.3,80,mf_Park91A,5
2387,0.5,80,mf_Park91A,5
2388,0.1,85,mf_Park91A,5
2389,0.3,85,mf_Park91A,5
2390,0.5,85,mf_Park91A,5
2391,0.1,90,mf_Park91A,5
2392,0.3,90,mf_Park91A,5
2393,0.5,90,mf_Park91A,5
2394,0.1,95,mf_Park91A,5
2395,0.3,95,mf_Park91A,5
2396,0.5,95,mf_Park91A,5
2397,0.1,100,mf_Park91A,5
2398,0.3,100,mf_Park91A,5
2399,0.5,100,mf_Park91A,5
2400,0.1,5,mf_Park91B,1
2401,0.3,5,mf_Park91B,1
2402,0.5,5,mf_Park91B,1
2403,0.1,10,mf_Park91B,1
2404,0.3,10,mf_Park91B,1
2405,0.5,10,mf_Park91B,1
2406,0.1,15,mf_Park91B,1
2407,0.3,15,mf_Park91B,1
2408,0.5,15,mf_Park91B,1
2409,0.1,20,mf_Park91B,1
2410,0.3,20,mf_Park91B,1
2411,0.5,20,mf_Park91B,1
2412,0.1,25,mf_Park91B,1
2413,0.3,25,mf_Park91B,1
2414,0.5,25,mf_Park91B,1
2415,0.1,30,mf_Park91B,1
2416,0.3,30,mf_Park91B,1
2417,0.5,30,mf_Park91B,1
2418,0.1,35,mf_Park91B,1
2419,0.3,35,mf_Park91B,1
2420,0.5,35,mf_Park91B,1
2421,0.1,40,mf_Park91B,1
2422,0.3,40,mf_Park91B,1
2423,0.5,40,mf_Park91B,1
2424,0.1,45,mf_Park91B,1
2425,0.3,45,mf_Park91B,1
2426,0.5,45,mf_Park91B,1
2427,0.1,50,mf_Park91B,1
2428,0.3,50,mf_Park91B,1
2429,0.5,50,mf_Park91B,1
2430,0.1,55,mf_Park91B,1
2431,0.3,55,mf_Park91B,1
2432,0.5,55,mf_Park91B,1
2433,0.1,60,mf_Park91B,1
2434,0.3,60,mf_Park91B,1
2435,0.5,60,mf_Park91B,1
2436,0.1,65,mf_Park91B,1
2437,0.3,65,mf_Park91B,1
2438,0.5,65,mf_Park91B,1
2439,0.1,70,mf_Park91B,1
2440,0.3,70,mf_Park91B,1
2441,0.5,70,mf_Park91B,1
2442,0.1,75,mf_Park91B,1
2443,0.3,75,mf_Park91B,1
2444,0.5,75,mf_Park91B,1
2445,0.1,80,mf_Park91B,1
2446,0.3,80,mf_Park91B,1
2447,0.5,80,mf_Park91B,1
2448,0.1,85,mf_Park91B,1
2449,0.3,85,mf_Park91B,1
2450,0.5,85,mf_Park91B,1
2451,0.1,90,mf_Park91B,1
2452,0.3,90,mf_Park91B,1
2453,0.5,90,mf_Park91B,1
2454,0.1,95,mf_Park91B,1
2455,0.3,95,mf_Park91B,1
2456,0.5,95,mf_Park91B,1
2457,0.1,100,mf_Park91B,1
2458,0.3,100,mf_Park91B,1
2459,0.5,100,mf_Park91B,1
2460,0.1,5,mf_Park91B,2
2461,0.3,5,mf_Park91B,2
2462,0.5,5,mf_Park91B,2
2463,0.1,10,mf_Park91B,2
2464,0.3,10,mf_Park91B,2
2465,0.5,10,mf_Park91B,2
2466,0.1,15,mf_Park91B,2
2467,0.3,15,mf_Park91B,2
2468,0.5,15,mf_Park91B,2
2469,0.1,20,mf_Park91B,2
2470,0.3,20,mf_Park91B,2
2471,0.5,20,mf_Park91B,2
2472,0.1,25,mf_Park91B,2
2473,0.3,25,mf_Park91B,2
2474,0.5,25,mf_Park91B,2
2475,0.1,30,mf_Park91B,2
2476,0.3,30,mf_Park91B,2
2477,0.5,30,mf_Park91B,2
2478,0.1,35,mf_Park91B,2
2479,0.3,35,mf_Park91B,2
2480,0.5,35,mf_Park91B,2
2481,0.1,40,mf_Park91B,2
2482,0.3,40,mf_Park91B,2
2483,0.5,40,mf_Park91B,2
2484,0.1,45,mf_Park91B,2
2485,0.3,45,mf_Park91B,2
2486,0.5,45,mf_Park91B,2
2487,0.1,50,mf_Park91B,2
2488,0.3,50,mf_Park91B,2
2489,0.5,50,mf_Park91B,2
2490,0.1,55,mf_Park91B,2
2491,0.3,55,mf_Park91B,2
2492,0.5,55,mf_Park91B,2
2493,0.1,60,mf_Park91B,2
2494,0.3,60,mf_Park91B,2
2495,0.5,60,mf_Park91B,2
2496,0.1,65,mf_Park91B,2
2497,0.3,65,mf_Park91B,2
2498,0.5,65,mf_Park91B,2
2499,0.1,70,mf_Park91B,2
2500,0.3,70,mf_Park91B,2
2501,0.5,70,mf_Park91B,2
2502,0.1,75,mf_Park91B,2
2503,0.3,75,mf_Park91B,2
2504,0.5,75,mf_Park91B,2
2505,0.1,80,mf_Park91B,2
2506,0.3,80,mf_Park91B,2
2507,0.5,80,mf_Park91B,2
2508,0.1,85,mf_Park91B,2
2509,0.3,85,mf_Park91B,2
2510,0.5,85,mf_Park91B,2
2511,0.1,90,mf_Park91B,2
2512,0.3,90,mf_Park91B,2
2513,0.5,90,mf_Park91B,2
2514,0.1,95,mf_Park91B,2
2515,0.3,95,mf_Park91B,2
2516,0.5,95,mf_Park91B,2
2517,0.1,100,mf_Park91B,2
2518,0.3,100,mf_Park91B,2
2519,0.5,100,mf_Park91B,2
2520,0.1,5,mf_Park91B,3
2521,0.3,5,mf_Park91B,3
2522,0.5,5,mf_Park91B,3
2523,0.1,10,mf_Park91B,3
2524,0.3,10,mf_Park91B,3
2525,0.5,10,mf_Park91B,3
2526,0.1,15,mf_Park91B,3
2527,0.3,15,mf_Park91B,3
2528,0.5,15,mf_Park91B,3
2529,0.1,20,mf_Park91B,3
2530,0.3,20,mf_Park91B,3
2531,0.5,20,mf_Park91B,3
2532,0.1,25,mf_Park91B,3
2533,0.3,25,mf_Park91B,3
2534,0.5,25,mf_Park91B,3
2535,0.1,30,mf_Park91B,3
2536,0.3,30,mf_Park91B,3
2537,0.5,30,mf_Park91B,3
2538,0.1,35,mf_Park91B,3
2539,0.3,35,mf_Park91B,3
2540,0.5,35,mf_Park91B,3
2541,0.1,40,mf_Park91B,3
2542,0.3,40,mf_Park91B,3
2543,0.5,40,mf_Park91B,3
2544,0.1,45,mf_Park91B,3
2545,0.3,45,mf_Park91B,3
2546,0.5,45,mf_Park91B,3
2547,0.1,50,mf_Park91B,3
2548,0.3,50,mf_Park91B,3
2549,0.5,50,mf_Park91B,3
2550,0.1,55,mf_Park91B,3
2551,0.3,55,mf_Park91B,3
2552,0.5,55,mf_Park91B,3
2553,0.1,60,mf_Park91B,3
2554,0.3,60,mf_Park91B,3
2555,0.5,60,mf_Park91B,3
2556,0.1,65,mf_Park91B,3
2557,0.3,65,mf_Park91B,3
2558,0.5,65,mf_Park91B,3
2559,0.1,70,mf_Park91B,3
2560,0.3,70,mf_Park91B,3
2561,0.5,70,mf_Park91B,3
2562,0.1,75,mf_Park91B,3
2563,0.3,75,mf_Park91B,3
2564,0.5,75,mf_Park91B,3
2565,0.1,80,mf_Park91B,3
2566,0.3,80,mf_Park91B,3
2567,0.5,80,mf_Park91B,3
2568,0.1,85,mf_Park91B,3
2569,0.3,85,mf_Park91B,3
2570,0.5,85,mf_Park91B,3
2571,0.1,90,mf_Park91B,3
2572,0.3,90,mf_Park91B,3
2573,0.5,90,mf_Park91B,3
2574,0.1,95,mf_Park91B,3
2575,0.3,95,mf_Park91B,3
2576,0.5,95,mf_Park91B,3
2577,0.1,100,mf_Park91B,3
2578,0.3,100,mf_Park91B,3
2579,0.5,100,mf_Park91B,3
2580,0.1,5,mf_Park91B,4
2581,0.3,5,mf_Park91B,4
2582,0.5,5,mf_Park91B,4
2583,0.1,10,mf_Park91B,4
2584,0.3,10,mf_Park91B,4
2585,0.5,10,mf_Park91B,4
2586,0.1,15,mf_Park91B,4
2587,0.3,15,mf_Park91B,4
2588,0.5,15,mf_Park91B,4
2589,0.1,20,mf_Park91B,4
2590,0.3,20,mf_Park91B,4
2591,0.5,20,mf_Park91B,4
2592,0.1,25,mf_Park91B,4
2593,0.3,25,mf_Park91B,4
2594,0.5,25,mf_Park91B,4
2595,0.1,30,mf_Park91B,4
2596,0.3,30,mf_Park91B,4
2597,0.5,30,mf_Park91B,4
2598,0.1,35,mf_Park91B,4
2599,0.3,35,mf_Park91B,4
2600,0.5,35,mf_Park91B,4
2601,0.1,40,mf_Park91B,4
2602,0.3,40,mf_Park91B,4
2603,0.5,40,mf_Park91B,4
2604,0.1,45,mf_Park91B,4
2605,0.3,45,mf_Park91B,4
2606,0.5,45,mf_Park91B,4
2607,0.1,50,mf_Park91B,4
2608,0.3,50,mf_Park91B,4
2609,0.5,50,mf_Park91B,4
2610,0.1,55,mf_Park91B,4
2611,0.3,55,mf_Park91B,4
2612,0.5,55,mf_Park91B,4
2613,0.1,60,mf_Park91B,4
2614,0.3,60,mf_Park91B,4
2615,0.5,60,mf_Park91B,4
2616,0.1,65,mf_Park91B,4
2617,0.3,65,mf_Park91B,4
2618,0.5,65,mf_Park91B,4
2619,0.1,70,mf_Park91B,4
2620,0.3,70,mf_Park91B,4
2621,0.5,70,mf_Park91B,4
2622,0.1,75,mf_Park91B,4
2623,0.3,75,mf_Park91B,4
2624,0.5,75,mf_Park91B,4
2625,0.1,80,mf_Park91B,4
2626,0.3,80,mf_Park91B,4
2627,0.5,80,mf_Park91B,4
2628,0.1,85,mf_Park91B,4
2629,0.3,85,mf_Park91B,4
2630,0.5,85,mf_Park91B,4
2631,0.1,90,mf_Park91B,4
2632,0.3,90,mf_Park91B,4
2633,0.5,90,mf_Park91B,4
2634,0.1,95,mf_Park91B,4
2635,0.3,95,mf_Park91B,4
2636,0.5,95,mf_Park91B,4
2637,0.1,100,mf_Park91B,4
2638,0.3,100,mf_Park91B,4
2639,0.5,100,mf_Park91B,4
2640,0.1,5,mf_Park91B,5
2641,0.3,5,mf_Park91B,5
2642,0.5,5,mf_Park91B,5
2643,0.1,10,mf_Park91B,5
2644,0.3,10,mf_Park91B,5
2645,0.5,10,mf_Park91B,5
2646,0.1,15,mf_Park91B,5
2647,0.3,15,mf_Park91B,5
2648,0.5,15,mf_Park91B,5
2649,0.1,20,mf_Park91B,5
2650,0.3,20,mf_Park91B,5
2651,0.5,20,mf_Park91B,5
2652,0.1,25,mf_Park91B,5
2653,0.3,25,mf_Park91B,5
2654,0.5,25,mf_Park91B,5
2655,0.1,30,mf_Park91B,5
2656,0.3,30,mf_Park91B,5
2657,0.5,30,mf_Park91B,5
2658,0.1,35,mf_Park91B,5
2659,0.3,35,mf_Park91B,5
2660,0.5,35,mf_Park91B,5
2661,0.1,40,mf_Park91B,5
2662,0.3,40,mf_Park91B,5
2663,0.5,40,mf_Park91B,5
2664,0.1,45,mf_Park91B,5
2665,0.3,45,mf_Park91B,5
2666,0.5,45,mf_Park91B,5
2667,0.1,50,mf_Park91B,5
2668,0.3,50,mf_Park91B,5
2669,0.5,50,mf_Park91B,5
2670,0.1,55,mf_Park91B,5
2671,0.3,55,mf_Park91B,5
2672,0.5,55,mf_Park91B,5
2673,0.1,60,mf_Park91B,5
2674,0.3,60,mf_Park91B,5
2675,0.5,60,mf_Park91B,5
2676,0.1,65,mf_Park91B,5
2677,0.3,65,mf_Park91B,5
2678,0.5,65,mf_Park91B,5
2679,0.1,70,mf_Park91B,5
2680,0.3,70,mf_Park91B,5
2681,0.5,70,mf_Park91B,5
2682,0.1,75,mf_Park91B,5
2683,0.3,75,mf_Park91B,5
2684,0.5,75,mf_Park91B,5
2685,0.1,80,mf_Park91B,5
2686,0.3,80,mf_Park91B,5
2687,0.5,80,mf_Park91B,5
2688,0.1,85,mf_Park91B,5
2689,0.3,85,mf_Park91B,5
2690,0.5,85,mf_Park91B,5
2691,0.1,90,mf_Park91B,5
2692,0.3,90,mf_Park91B,5
2693,0.5,90,mf_Park91B,5
2694,0.1,95,mf_Park91B,5
2695,0.3,95,mf_Park91B,5
2696,0.5,95,mf_Park91B,5
2697,0.1,100,mf_Park91B,5
2698,0.3,100,mf_Park91B,5
2699,0.5,100,mf_Park91B,5
2700,0.1,5,mf_Sixhump,1
2701,0.3,5,mf_Sixhump,1
2702,0.5,5,mf_Sixhump,1
2703,0.1,10,mf_Sixhump,1
2704,0.3,10,mf_Sixhump,1
2705,0.5,10,mf_Sixhump,1
2706,0.1,15,mf_Sixhump,1
2707,0.3,15,mf_Sixhump,1
2708,0.5,15,mf_Sixhump,1
2709,0.1,20,mf_Sixhump,1
2710,0.3,20,mf_Sixhump,1
2711,0.5,20,mf_Sixhump,1
2712,0.1,25,mf_Sixhump,1
2713,0.3,25,mf_Sixhump,1
2714,0.5,25,mf_Sixhump,1
2715,0.1,30,mf_Sixhump,1
2716,0.3,30,mf_Sixhump,1
2717,0.5,30,mf_Sixhump,1
2718,0.1,35,mf_Sixhump,1
2719,0.3,35,mf_Sixhump,1
2720,0.5,35,mf_Sixhump,1
2721,0.1,40,mf_Sixhump,1
2722,0.3,40,mf_Sixhump,1
2723,0.5,40,mf_Sixhump,1
2724,0.1,45,mf_Sixhump,1
2725,0.3,45,mf_Sixhump,1
2726,0.5,45,mf_Sixhump,1
2727,0.1,50,mf_Sixhump,1
2728,0.3,50,mf_Sixhump,1
2729,0.5,50,mf_Sixhump,1
2730,0.1,55,mf_Sixhump,1
2731,0.3,55,mf_Sixhump,1
2732,0.5,55,mf_Sixhump,1
2733,0.1,60,mf_Sixhump,1
2734,0.3,60,mf_Sixhump,1
2735,0.5,60,mf_Sixhump,1
2736,0.1,65,mf_Sixhump,1
2737,0.3,65,mf_Sixhump,1
2738,0.5,65,mf_Sixhump,1
2739,0.1,70,mf_Sixhump,1
2740,0.3,70,mf_Sixhump,1
2741,0.5,70,mf_Sixhump,1
2742,0.1,75,mf_Sixhump,1
2743,0.3,75,mf_Sixhump,1
2744,0.5,75,mf_Sixhump,1
2745,0.1,80,mf_Sixhump,1
2746,0.3,80,mf_Sixhump,1
2747,0.5,80,mf_Sixhump,1
2748,0.1,85,mf_Sixhump,1
2749,0.3,85,mf_Sixhump,1
2750,0.5,85,mf_Sixhump,1
2751,0.1,90,mf_Sixhump,1
2752,0.3,90,mf_Sixhump,1
2753,0.5,90,mf_Sixhump,1
2754,0.1,95,mf_Sixhump,1
2755,0.3,95,mf_Sixhump,1
2756,0.5,95,mf_Sixhump,1
2757,0.1,100,mf_Sixhump,1
2758,0.3,100,mf_Sixhump,1
2759,0.5,100,mf_Sixhump,1
2760,0.1,5,mf_Sixhump,2
2761,0.3,5,mf_Sixhump,2
2762,0.5,5,mf_Sixhump,2
2763,0.1,10,mf_Sixhump,2
2764,0.3,10,mf_Sixhump,2
2765,0.5,10,mf_Sixhump,2
2766,0.1,15,mf_Sixhump,2
2767,0.3,15,mf_Sixhump,2
2768,0.5,15,mf_Sixhump,2
2769,0.1,20,mf_Sixhump,2
2770,0.3,20,mf_Sixhump,2
2771,0.5,20,mf_Sixhump,2
2772,0.1,25,mf_Sixhump,2
2773,0.3,25,mf_Sixhump,2
2774,0.5,25,mf_Sixhump,2
2775,0.1,30,mf_Sixhump,2
2776,0.3,30,mf_Sixhump,2
2777,0.5,30,mf_Sixhump,2
2778,0.1,35,mf_Sixhump,2
2779,0.3,35,mf_Sixhump,2
2780,0.5,35,mf_Sixhump,2
2781,0.1,40,mf_Sixhump,2
2782,0.3,40,mf_Sixhump,2
2783,0.5,40,mf_Sixhump,2
2784,0.1,45,mf_Sixhump,2
2785,0.3,45,mf_Sixhump,2
2786,0.5,45,mf_Sixhump,2
2787,0.1,50,mf_Sixhump,2
2788,0.3,50,mf_Sixhump,2
2789,0.5,50,mf_Sixhump,2
2790,0.1,55,mf_Sixhump,2
2791,0.3,55,mf_Sixhump,2
2792,0.5,55,mf_Sixhump,2
2793,0.1,60,mf_Sixhump,2
2794,0.3,60,mf_Sixhump,2
2795,0.5,60,mf_Sixhump,2
2796,0.1,65,mf_Sixhump,2
2797,0.3,65,mf_Sixhump,2
2798,0.5,65,mf_Sixhump,2
2799,0.1,70,mf_Sixhump,2
2800,0.3,70,mf_Sixhump,2
2801,0.5,70,mf_Sixhump,2
2802,0.1,75,mf_Sixhump,2
2803,0.3,75,mf_Sixhump,2
2804,0.5,75,mf_Sixhump,2
2805,0.1,80,mf_Sixhump,2
2806,0.3,80,mf_Sixhump,2
2807,0.5,80,mf_Sixhump,2
2808,0.1,85,mf_Sixhump,2
2809,0.3,85,mf_Sixhump,2
2810,0.5,85,mf_Sixhump,2
2811,0.1,90,mf_Sixhump,2
2812,0.3,90,mf_Sixhump,2
2813,0.5,90,mf_Sixhump,2
2814,0.1,95,mf_Sixhump,2
2815,0.3,95,mf_Sixhump,2
2816,0.5,95,mf_Sixhump,2
2817,0.1,100,mf_Sixhump,2
2818,0.3,100,mf_Sixhump,2
2819,0.5,100,mf_Sixhump,2
2820,0.1,5,mf_Sixhump,3
2821,0.3,5,mf_Sixhump,3
2822,0.5,5,mf_Sixhump,3
2823,0.1,10,mf_Sixhump,3
2824,0.3,10,mf_Sixhump,3
2825,0.5,10,mf_Sixhump,3
2826,0.1,15,mf_Sixhump,3
2827,0.3,15,mf_Sixhump,3
2828,0.5,15,mf_Sixhump,3
2829,0.1,20,mf_Sixhump,3
2830,0.3,20,mf_Sixhump,3
2831,0.5,20,mf_Sixhump,3
2832,0.1,25,mf_Sixhump,3
2833,0.3,25,mf_Sixhump,3
2834,0.5,25,mf_Sixhump,3
2835,0.1,30,mf_Sixhump,3
2836,0.3,30,mf_Sixhump,3
2837,0.5,30,mf_Sixhump,3
2838,0.1,35,mf_Sixhump,3
2839,0.3,35,mf_Sixhump,3
2840,0.5,35,mf_Sixhump,3
2841,0.1,40,mf_Sixhump,3
2842,0.3,40,mf_Sixhump,3
2843,0.5,40,mf_Sixhump,3
2844,0.1,45,mf_Sixhump,3
2845,0.3,45,mf_Sixhump,3
2846,0.5,45,mf_Sixhump,3
2847,0.1,50,mf_Sixhump,3
2848,0.3,50,mf_Sixhump,3
2849,0.5,50,mf_Sixhump,3
2850,0.1,55,mf_Sixhump,3
2851,0.3,55,mf_Sixhump,3
2852,0.5,55,mf_Sixhump,3
2853,0.1,60,mf_Sixhump,3
2854,0.3,60,mf_Sixhump,3
2855,0.5,60,mf_Sixhump,3
2856,0.1,65,mf_Sixhump,3
2857,0.3,65,mf_Sixhump,3
2858,0.5,65,mf_Sixhump,3
2859,0.1,70,mf_Sixhump,3
2860,0.3,70,mf_Sixhump,3
2861,0.5,70,mf_Sixhump,3
2862,0.1,75,mf_Sixhump,3
2863,0.3,75,mf_Sixhump,3
2864,0.5,75,mf_Sixhump,3
2865,0.1,80,mf_Sixhump,3
2866,0.3,80,mf_Sixhump,3
2867,0.5,80,mf_Sixhump,3
2868,0.1,85,mf_Sixhump,3
2869,0.3,85,mf_Sixhump,3
2870,0.5,85,mf_Sixhump,3
2871,0.1,90,mf_Sixhump,3
2872,0.3,90,mf_Sixhump,3
2873,0.5,90,mf_Sixhump,3
2874,0.1,95,mf_Sixhump,3
2875,0.3,95,mf_Sixhump,3
2876,0.5,95,mf_Sixhump,3
2877,0.1,100,mf_Sixhump,3
2878,0.3,100,mf_Sixhump,3
2879,0.5,100,mf_Sixhump,3
2880,0.1,5,mf_Sixhump,4
2881,0.3,5,mf_Sixhump,4
2882,0.5,5,mf_Sixhump,4
2883,0.1,10,mf_Sixhump,4
2884,0.3,10,mf_Sixhump,4
2885,0.5,10,mf_Sixhump,4
2886,0.1,15,mf_Sixhump,4
2887,0.3,15,mf_Sixhump,4
2888,0.5,15,mf_Sixhump,4
2889,0.1,20,mf_Sixhump,4
2890,0.3,20,mf_Sixhump,4
2891,0.5,20,mf_Sixhump,4
2892,0.1,25,mf_Sixhump,4
2893,0.3,25,mf_Sixhump,4
2894,0.5,25,mf_Sixhump,4
2895,0.1,30,mf_Sixhump,4
2896,0.3,30,mf_Sixhump,4
2897,0.5,30,mf_Sixhump,4
2898,0.1,35,mf_Sixhump,4
2899,0.3,35,mf_Sixhump,4
2900,0.5,35,mf_Sixhump,4
2901,0.1,40,mf_Sixhump,4
2902,0.3,40,mf_Sixhump,4
2903,0.5,40,mf_Sixhump,4
2904,0.1,45,mf_Sixhump,4
2905,0.3,45,mf_Sixhump,4
2906,0.5,45,mf_Sixhump,4
2907,0.1,50,mf_Sixhump,4
2908,0.3,50,mf_Sixhump,4
2909,0.5,50,mf_Sixhump,4
2910,0.1,55,mf_Sixhump,4
2911,0.3,55,mf_Sixhump,4
2912,0.5,55,mf_Sixhump,4
2913,0.1,60,mf_Sixhump,4
2914,0.3,60,mf_Sixhump,4
2915,0.5,60,mf_Sixhump,4
2916,0.1,65,mf_Sixhump,4
2917,0.3,65,mf_Sixhump,4
2918,0.5,65,mf_Sixhump,4
2919,0.1,70,mf_Sixhump,4
2920,0.3,70,mf_Sixhump,4
2921,0.5,70,mf_Sixhump,4
2922,0.1,75,mf_Sixhump,4
2923,0.3,75,mf_Sixhump,4
2924,0.5,75,mf_Sixhump,4
2925,0.1,80,mf_Sixhump,4
2926,0.3,80,mf_Sixhump,4
2927,0.5,80,mf_Sixhump,4
2928,0.1,85,mf_Sixhump,4
2929,0.3,85,mf_Sixhump,4
2930,0.5,85,mf_Sixhump,4
2931,0.1,90,mf_Sixhump,4
2932,0.3,90,mf_Sixhump,4
2933,0.5,90,mf_Sixhump,4
2934,0.1,95,mf_Sixhump,4
2935,0.3,95,mf_Sixhump,4
2936,0.5,95,mf_Sixhump,4
2937,0.1,100,mf_Sixhump,4
2938,0.3,100,mf_Sixhump,4
2939,0.5,100,mf_Sixhump,4
2940,0.1,5,mf_Sixhump,5
2941,0.3,5,mf_Sixhump,5
2942,0.5,5,mf_Sixhump,5
2943,0.1,10,mf_Sixhump,5
2944,0.3,10,mf_Sixhump,5
2945,0.5,10,mf_Sixhump,5
2946,0.1,15,mf_Sixhump,5
2947,0.3,15,mf_Sixhump,5
2948,0.5,15,mf_Sixhump,5
2949,0.1,20,mf_Sixhump,5
2950,0.3,20,mf_Sixhump,5
2951,0.5,20,mf_Sixhump,5
2952,0.1,25,mf_Sixhump,5
2953,0.3,25,mf_Sixhump,5
2954,0.5,25,mf_Sixhump,5
2955,0.1,30,mf_Sixhump,5
2956,0.3,30,mf_Sixhump,5
2957,0.5,30,mf_Sixhump,5
2958,0.1,35,mf_Sixhump,5
2959,0.3,35,mf_Sixhump,5
2960,0.5,35,mf_Sixhump,5
2961,0.1,40,mf_Sixhump,5
2962,0.3,40,mf_Sixhump,5
2963,0.5,40,mf_Sixhump,5
2964,0.1,45,mf_Sixhump,5
2965,0.3,45,mf_Sixhump,5
2966,0.5,45,mf_Sixhump,5
2967,0.1,50,mf_Sixhump,5
2968,0.3,50,mf_Sixhump,5
2969,0.5,50,mf_Sixhump,5
2970,0.1,55,mf_Sixhump,5
2971,0.3,55,mf_Sixhump,5
2972,0.5,55,mf_Sixhump,5
2973,0.1,60,mf_Sixhump,5
2974,0.3,60,mf_Sixhump,5
2975,0.5,60,mf_Sixhump,5
2976,0.1,65,mf_Sixhump,5
2977,0.3,65,mf_Sixhump,5
2978,0.5,65,mf_Sixhump,5
2979,0.1,70,mf_Sixhump,5
2980,0.3,70,mf_Sixhump,5
2981,0.5,70,mf_Sixhump,5
2982,0.1,75,mf_Sixhump,5
2983,0.3,75,mf_Sixhump,5
2984,0.5,75,mf_Sixhump,5
2985,0.1,80,mf_Sixhump,5
2986,0.3,80,mf_Sixhump,5
2987,0.5,80,mf_Sixhump,5
2988,0.1,85,mf_Sixhump,5
2989,0.3,85,mf_Sixhump,5
2990,0.5,85,mf_Sixhump,5
2991,0.1,90,mf_Sixhump,5
2992,0.3,90,mf_Sixhump,5
2993,0.5,90,mf_Sixhump,5
2994,0.1,95,mf_Sixhump,5
2995,0.3,95,mf_Sixhump,5
2996,0.5,95,mf_Sixhump,5
2997,0.1,100,mf_Sixhump,5
2998,0.3,100,mf_Sixhump,5
2999,0.5,100,mf_Sixhump,5
